"Dialect","Coptic Form","Coptic Transcription","Number","Gender","Coptic Meaning (Crum)","Class","Subclass","Property Type","Literal Interpretation (Kilani 2026)","Vocalic Pattern","Interpretation (Kilani 2026)","Suffix","Distinctive Vowel","Root ID","Pre-Coptic Root","Root Type","TLA IS","TLA en","TLE de","TLA - date first attestation"
"S","ⲃⲉⲕⲉ","","1 | sg.","1 | m.","wage ","abstract","—","res/pass","work, what is worked (by someone)","cV'ccvy","cE'ccvy","","E","568","b.ꜣ.k","dyn","53800","to work; to render (services)","arbeiten; bearbeiten; (Abgaben) leisten; (Dienst) leisten","2321"
"S","ⲃⲉⲉⲕⲉ","","1 | sg.","2 | f.","wage ","abstract","—","res/pass","work, what is worked (by someone)","cV'ccv(y)t","cE'ccvyt","","E","568","b.ꜣ.k","dyn","53800","to work; to render (services)","arbeiten; bearbeiten; (Abgaben) leisten; (Dienst) leisten","2321"
"L","ⲃⲉϭⲥⲉ","","1 | sg.","2 | f.","rebellion","abstract "," from quality","qual","the state of being rebellious","cV'ccv(y)t","cE'ccvyt","","E","610","b.g.s","dyn","450143","to injure; to be injured; to be disloyal","schaden; illoyal sein","2321"
"S","ϩⲣⲱⲕⲉ","","1 | sg.","0 | –","[intr:] be still, cease | [tr:] quiet ; (as nn) quietness (Crum suggest ""sim"" to ϩⲣⲟⲕ )","abstract "," from quality","qual","the state of being quiet","cvcV'cvy","cvca:'cvy","","a","233","g.r.ḥ","dyn/res","167880","to complete; to be satisfied with","(etwas) fertig machen; aufhören; zufrieden sein (jur.)","1939"
"S","ϣⲡⲏⲣⲉ","","0 | –","3 | m./f.","wonder, amazement","abstract "," from quality","unclear","the happening one","cvcV'cvt","cvcE:'cvt","","E","13","ḫ.p.r","other","116230","to come into being; to become; to occur; to happen","werden; entstehen; geschehen; existieren","2532"
"S","ⲛⲟⲙⲧⲉ","","1 | sg.","2 | f.","strength, power; also encouragement, comfort ","abstract","—","unclear act/qual","the striding one?","cV'ccv(y)t","ca'c(a)cvt/ca'ccayt","+/- y","a","1187","n.m.t","mov","84490","to go; to stride through","schreiten; durchschreiten","2375"
"S","ⲟⲩⲁϣⲥⲉ","","1 | sg.","2 | f.","breadth ","abstract "," from quality","qual","the state of being wide","cV'ccv(y)t","ca'/E'ccv(y)t","+/- y","a/E","1761","w.s.ḫ","qual","49800","to be wide; to be broad","weit sein; breit sein; ausdehnen","2321"
"S","ⲟⲩⲟϣⲥⲉ","","1 | sg.","2 | f.","breadth ","abstract "," from quality","qual","the state of being wide","cV'ccv(y)t","ca'c(a)cvt","","a","1761","w.s.ḫ","qual","49800","to be wide; to be broad","weit sein; breit sein; ausdehnen","2321"
"S","ϩⲉⲗϭⲉ","","0 | –","2 | f.","sweetness ","abstract "," from quality","qual","the state of being sweet","cV'ccv(y)t","cE'ccvyt","","E","718","ḥ.ꜣ.g","qual","101610","to be glad","froh sein","1939"
"S","ⲛϣⲟⲧ","","0 | –","0 | –","hardness, boldness ","abstract "," from quality","qual","the state of being strong","cvcV'c","cvca:'c","","a","88","n.ḫ.t","dyn/res","87560","to be strong; to strengthen","stark sein; stärken; schützen","2375"
"L","ⲧⲙⲉⲧ","","1 | sg.","1 | m.","totality","abstract "," from quality","qual","what is assembled together","cvcV'c","cvcE:'c","","E","263","d.m.ḏ","dyn/res","179420","to (re)assemble; to be (re)assemled","zusammenfügen; (sich) vereinigen; vereinigt sein; zusammentreffen","2414"
"S","ϩⲗⲏϭⲉ","","1 | sg.","2 | f.","sweetness ","abstract "," from quality","qual","the state of being sweet","cvcV'cvt","cvcE:'cvt","","E","718","ḥ.ꜣ.g","qual","101610","to be glad","froh sein","1939"
"O","ϣⲁⲡϣⲓ","","1 | sg.","2 | f.","noble, distinguished","quality","—","qual","noble","cV'ccv(y)t","ca'c(a)cvt","","a","1868","š.p.s","qual","153910","to be noble; to be esteemed; to be rich","erhaben sein; herrlich sein","2613"
"B","ⲟⲩⲟⲃϣⲓ","","0 | –","0 | –","white","quality","—","qual","white","cV'cvc/cV'ccvt","ca'c(a)cvt","","a","1713","w.b.ḫ","qual","45270","to be bright, clear","leuchten; erhellen; hell sein","1539"
"S","ⲛⲟϥⲣⲉ","","1 | sg.","2 | f.","good, profit, advantage ","quality","—","qual","good","cV'cvc/cV'ccvt","ca'c(a)cvt","","a","728","n.f.r","qual","83470","to be good; to be beautiful; to be perfect","gut sein; schön sein; vollkommen sein; vollendet sein","2686"
"S","ϣⲟⲟⲙⲉ","","1 | sg.","2 | f.","light, fine","quality","—","qual","light, fine","cV'cvc/cV'ccvt","ca'c(a)cvt","","a","1922","š.m.ꜥ","qual","154710","to be slender","schmal sein","1190"
"Sa","ϩⲱⲗϭ","","0 | –","0 | –","sweet","quality","—","qual","sweet","cV'cvc","ca'cac","","a","718","ḥ.ꜣ.g","qual","101610","to be glad","froh sein","1939"
"S","ⲟⲩⲱⲃϣ","","1 | sg.","1 | m.","white","quality","—","qual","white","cV'cvc/cV'ccvt","ca'cac","","a","1713","w.b.ḫ","qual","45270","to be bright, clear","leuchten; erhellen; hell sein","1539"
"S","ⲛⲟⲩϥⲉ","","0 | –","0 | –","good","quality","—","qual","good","cV'cvc/cV'ccvt","ca'cac","","a","728","n.f.r","qual","83470","to be good; to be beautiful; to be perfect","gut sein; schön sein; vollkommen sein; vollendet sein","2686"
"S","ϣⲱⲱⲙⲉ","","1 | sg.","1 | m.","light, fine","quality","—","qual","light, fine","cV'cvc/cV'ccvt","ca'cac","","a","1922","š.m.ꜥ","qual","154710","to be slender","schmal sein","1190"
"S","ⲛⲟϥⲣ","","0 | –","0 | –","good","quality","—","qual","good","cV'ccvy","ca'ccvy","","a","728","n.f.r","qual","83470","to be good; to be beautiful; to be perfect","gut sein; schön sein; vollkommen sein; vollendet sein","2686"
"B","ϣⲟⲙ","","1 | sg.","1 | m.","light, fine","quality","—","qual","light, fine","cV'ccvy","ca'ccvy","","a","1922","š.m.ꜥ","qual","154710","to be slender","schmal sein","1190"
"S","ⲛⲉϣⲧⲉ","","1 | sg.","1 | m.","hard, rough person ","quality","—","res/pass","the strenghtened one","cV'ccvy","cE'ccvy","","E","88","n.ḫ.t","dyn/res","87560","to be strong; to strengthen","stark sein; stärken; schützen","2375"
"S","ⲕⲱϩⲧ","","1 | sg.","1 | m.","fire (nn), fiery (adj) ","concrete "," element","act","the smoke-making one","cV'cvc","ca'c:ac","","a","115","q.h.d","dyn","858172","to fumigate, smoke","räuchern","1539"
"B","ⲥⲟⲧⲡⲓ","","1 | sg.","2 | f.","elected; chosen; excellent (adj/noun)","quality","—","res/pass","the chosen one","cV'cvc/cV'ccvt","ca'c(E)cvt","","a","89","s.t.p","dyn","148050","to cut up","(Fleischstücke) auslösen; (Schlachttier) zerlegen; töten; vernichten","2613"
"S","ϣⲟⲣⲡ","","0 | –","0 | –","earliest, first (adj/noun)","quality","—","qual","the in-front one","cV'ccvy/-t","ca'ccvy","","a","14","ḫ.r.p","qual","120150","to be in front; to govern; to control; to administer","leiten; beaufsichtigen","2494"
"S","ϣⲟⲣⲡⲉ","","1 | sg.","2 | f.","earliest, first (adj/noun)","quality","—","qual","the in-front one","cV'ccvy/-t","ca'ccvyt","","a","14","ḫ.r.p","qual","120150","to be in front; to govern; to control; to administer","leiten; beaufsichtigen","2494"
"S","ⲥⲱⲧⲡ","","1 | sg.","1 | m.","elected; chosen; excellent (adj/noun)","quality","—","res/pass","the chosen one","cV'cvc/cV'ccvt","ca'cEc","","a","89","s.t.p","dyn","148050","to cut up","(Fleischstücke) auslösen; (Schlachttier) zerlegen; töten; vernichten","2613"
"S","ⲡⲉⲗϭⲉ","","1 | sg.","1 | m.","split, torn cloth, rag (f once); also as adj: worn, old ","quality","—","res/pass","the divided one","cV'ccvy","cE'ccvy","","E","1263","p.n.g","dyn","60150","to divide; to share (?)","teilen","1292"
"S","ⲱⲃⲧ","","1 | sg.","1 | m.","goose (or other edible bird)","concrete "," animal","act","the one rushing forward","cV'cvc","ca'c:ac","","a","1806","ꜣ.p.d","mov","110","to rush forward","herbeieilen","1425"
"S","ⲟⲩⲟⲟϩⲉ","","1 | sg.","2 | f.","scorpion ","concrete "," animal","act","the hunting one","cV'ccv(y)t","ca'ccayt","","a","84","w.ḥ.ꜥ","dyn","48800","to hunt, to fish and fowl","fischen und Vögel fangen","2445"
"S","ⲁϩⲱⲙ","","1 | sg.","1 | m.","eagle ","concrete "," animal","act","the one inspiring fear","cvcV'cvy","cac:a'cvy","","a","547","ꜥ.ẖ.m","dyn","40790","to cause to shudder; to inspire fear","Schauder erwecken; Ehrfurcht erwecken (von kämpferischen göttl. Wesen)","2375"
"S","ϣⲉⲛⲏⲧ","","1 | sg.","1 | m.","a fish: shark (?)","concrete "," animal","res/pass","the reviled one","cvcV'cvy","cvc:E'cvy","","E","1935","š.n.ṯ","dyn","156400","to revile; to oppose; to punish","streiten; kämpfen; schmähen","2375"
"B","ⲉⲧⲏϣⲓ","","1 | sg.","1 | m.","crane","concrete "," animal","qual","the red one (or the one that becomes red ?)","cvcV'cvy","cvc:E'cvy","","E","1100","d.š.r","qual","180690","to be red; to become red","rot werden; rot sein","2886"
"S","ⲡⲁⲓϭⲉ","","1 | sg.","2 | f.","mouth","concrete "," body part","unclear","the opened/openind one","cV'ccv(y)t","ca'/E'ccv(y)t","+/- y","a/E","1309","p.g.ꜣ","dyn","62730","to unfold; to open up","ausbreiten; öffnen","1980"
"S","ϣⲱⲡϣ","","1 | sg.","1 | m.","arm, foreleg (of animals) , shoulder (also as constellation); also: gizzard","concrete "," body part","act","the conquering one","cV'cvc","ca'c:ac","","a","475","ḫ.p.š","dyn","116470","to conquer","bezwingen; packen","2321"
"S","ϣⲱϥⲧ","","1 | sg.","1 | m.","hollow of hand, handful (also as measure)","concrete "," body part","res/pass","the grasped one","cV'cvc","ca'cEc","","a","3222","š.f.d","dyn","154280","to grasp; to sieze","fassen, packen; (jmdn.) verhaften","1292"
"S","ⲕⲱⲗⲙ","","1 | sg.","1 | m.","corner of eye ","concrete "," body part","res/pass","the wrapped one","cV'cvc","ca'cEc","","a","796","k.n.m","dyn","164780","to wrap in","einhüllen (in ein Gewand)","2321"
"B","ϭⲓⲱϯ","","1 | sg.","0 | –","tip of scorpion's tail","concrete "," body part","act","the stabbing one","cvcV'cvy","cac:a'cvy","","a","2464","ḏ.ꜣ.d","dyn","182290","to stab to death, cut up (a slaughtered offering)","(Schlachtopfer) abstechen","2375"
"S","ⲧⲁϭⲥⲉ","","1 | sg.","2 | f.","foot-sole, foot-print ","concrete "," body part","res/pass","the treaded-upon one","cV'ccvy","cE'ccvy","","E","461","d.g.s","dyn/mov","181250","to tread; to enter","treten; betreten","1548"
"S","ϩⲉⲧⲣⲉ","","1 | sg.","2 | f.","part of body: navel ?","concrete "," body part","res/pass","the one bound/binding itself together ?","cV'ccv(y)t","cE'ccvyt","","E","249","ḥ.t.r","dyn","111860","to bind together","binden; zusammenbinden","2321"
"S","ⲛⲁϩⲃ","","1 | sg.","2 | f.","shoulder, back, neck ","concrete "," body part","res/pass","the harnessed one","cV'ccv(y)t","cE'ccvyt","","a/E","457","n.ḥ.b","dyn","86140","to harness; to yoke; to appoint with","(Pferde) anschirren","1818"
"S","ⲁⲗⲟⲙ","","1 | sg.","1 | m.","bosom ","concrete "," body part","act","the enclosing one","cvcV'c","cvc:a:'c","","a","432","ꜥ.n.b","dyn","38390","to enclose, to close (the mouth)","(den Mund) verschließen; umschließen","1292"
"S","ϩⲃϩⲉ","","1 | sg.","1 | m.","space of the palm of the hand","concrete "," body part","res/pass","the grasped one","cvccV'y","cvccE'y","","E","2343","ḫ.f.ꜥ","dyn","116630","to seize; to grasp","fassen, packen","2375"
"S","ⲕⲗⲟⲟⲙⲉ","","1 | sg.","2 | f.","weal ","concrete "," disease","unclear","the wrapping one","cvcV'cyvt","cvca:'cyvt","","a","796","k.n.m","dyn","164780","to wrap in","einhüllen (in ein Gewand)","2321"
"F","ϫⲉⲛϯ","","1 | sg.","2 | f.","wrath ","state "," emotion","unclear","the state of being angry","cV'ccv(y)t","cE'ccvyt","","E","2581","q.n.d","emotion","161520","to rage; to be come angry","wütend sein, wütend werden","1980"
"S","ϣⲗⲟϥ","","1 | sg.","1 | m.","shame, disgrace; shameful (adj)","state "," emotion","qual","the state of being dishevelled","cvcV'c","cvca:'c","","a","1910","š.l.f","qual","156220","to be dishevelled (Sem. loan word)","in Unordnung geraten; sich sträuben","1292"
"S","ⲛⲟⲩⲧⲉ","","0 | –","3 | m./f.","god, goddess (also as adj: godly, divine)","concrete "," deity","unclear","the divine one? the one behaving divinely?","cV'cvc/-vt","ca'c:ac","","a","31","n.ṯ.r","dyn/res","90400","to be divine; to make divine; perhaps to behave divinely?","göttlich sein; göttlich machen","2345"
"O","ⲥⲁⲭⲙⲓ","","1 | sg.","2 | f.","Sekhmet (""the Powerful One"" or the like?)","concrete "," deity","qual","the powerful one","cV'ccv(y)t","ca'c(a)cvt","","a","1975","s.ḫ.m","qual","142160","to be mighty; to prevail over","mächtig sein","2445"
"S","ⲛⲧⲱⲣⲉ","","1 | sg.","2 | f.","god, goddess (also as adj: godly, divine)","concrete "," deity","unclear","the divine one? the one behaving divinely?","cV'cvc/-vt","cac:a'cvt","","a","31","n.ṯ.r","dyn/res","90400","to be divine; to make divine; perhaps to behave divinely?","göttlich sein; göttlich machen","2494"
"S","ⲁⲙⲟⲩⲛ","","1 | sg.","1 | m.","Amoun (""the hiding/hidden one"")","concrete "," deity","dyn/res","the hiding one","cvcV'cvy","cac:a'cvy","","a","300007","j.m.n","dyn/res","26030","to hide; to be hidden","verbergen; verborgen sein","2375"
"Sf","ϩⲱⲧⲃⲉ","","1 | sg.","1 | m.","murderer","concrete "," human","act","the killing one","cV'cvc","ca'c:ac","","a","2305","ẖ.d.b","dyn","124950","to kill","töten","1939"
"B","ⲃⲱⲕ","","1 | sg.","1 | m.","servant, slave ","concrete "," human","act","the working one","cV'cvc/-vt","ca'c:ac","","a","568","b.ꜣ.k","dyn","53800","to work; to render (services)","arbeiten; bearbeiten; (Abgaben) leisten; (Dienst) leisten","2321"
"S","ⲙⲟⲟⲛⲉ","","1 | sg.","2 | f.","nurse, foster-mother","concrete "," human","act","the nursing one","cV'ccv(y)t","ca'ccayt","","a","1070","m.n.ꜥ","dyn","70350","to nurse; to bring up (a child)","säugen; aufziehen","1292"
"S","ⲕⲟⲛϥ","","1 | sg.","1 | m.","a title or epiphet: baker ?","concrete "," human","act","the baking one","cV'ccvy","ca'ccvy","","a","824","q.f.n","dyn","160470","to bake; to clot (blood)","backen; gerinnen","2494"
"S","ⲥⲁϩⲧ","","0 | –","0 | –","weaver","concrete "," human","act","the weaving one","cV'ccvy","ca'ccvy","","a/E","335","s.ḫ.t","dyn","143060","to weave; to form (bricks, in a mould)","flechten; weben; (Ziegel) formen","2686"
"S","ⲟⲩⲟⲟϩⲉ","","1 | sg.","1 | m.","fisher ","concrete "," human","act","the hunting one","cV'ccvy","ca'ccvy","","a","84","w.ḥ.ꜥ","dyn","48800","to hunt, to fish and fowl","fischen und Vögel fangen","2445"
"B","ⲃⲱⲕⲓ","","1 | sg.","2 | f.","servant, slave ","concrete "," human","act","the working one","cV'cvc/-vt","cac:a'cvt","","a","568","b.ꜣ.k","dyn","53800","to work; to render (services)","arbeiten; bearbeiten; (Abgaben) leisten; (Dienst) leisten","2321"
"S","ⲥⲁⲛⲟⲩⲑ","","1 | sg.","1 | m.","fearful","concrete "," human","act","the fearing one","cvcV'cvy","cac:a'cvy","","a","1447","s.n.ḏ","emotion","138730","to fear; to be afraid","fürchten","2494"
"S","ⲙⲏⲏϣⲉ","","1 | sg.","1 | m.","multitude [persons or things], crowd, troop  | (+ gen [n-] as adj), many, great | (as adverb), greatly","concrete "," human","mov","the marching one","cV'cvc","cE'c:Ec","","E","138","m.š.ꜥ","mov","76330","to march","marschieren","1539"
"S","ϩⲏⲕⲉ","","0 | –","0 | –","poor, hungry (as nn) ","concrete "," human","qual","the hungry one (""hungried""? ""hungrying oneself""?)","cV'cvc","cE'c:Ec","","E","58","ḥ.q.r","qual","110540","to be hungry; to fast (med.)","hungern; fasten","2375"
"S","ⲟⲩⲏⲏⲃ","","1 | sg.","1 | m.","priest (Christian or pagan) ","concrete "," human","res/pass","the purified one","cV'cvc","cE'c:Ec","","E","381","w.ꜥ.b","qual","44430","to purify; to be pure","reinigen; rein sein; frei sein (unbenutzt sein)","2494"
"S","ϭⲉⲣⲏϭ","","1 | sg.","1 | m.","hunter ","concrete "," human","unclear","the hunting/laying down one","cvcV'cvy","cvc:E'cvy","","E","703","g.r.g","dyn/mov/postural","167980","to hunt; to lay (a trap)","jagen; (Fallen) einstellen","2445"
"S","ⲧⲉϣⲉ","","1 | sg.","1 | m.","neighbour","concrete "," human","res/pass","the one divided by a frontier","cvccV'y","cvccE'y","","E","236","t.ꜣ.š","dyn/mov/postural","169660","to fix the limits of; to divide","abgrenzen; teilen","2321"
"S","ⲙⲉⲥⲧⲉ","","1 | sg.","0 | –","hated person ","concrete "," human","res/pass","the hated one","cvccV'y/-t","cvccE'y","","E","78","m.s.ḏ","emot","76210","to hate; to dislike","hassen; verabscheuen","2375"
"S","ⲥⲣⲙⲉ","","1 | sg.","1 | m.","wanderer, vagrant","concrete "," human","act_mov","the one sliding away","cvccV'y/-t","cvccE'y","","E","345","z.b.n","mov","131760","to slide away; to steer (a ship) off course; to make fall","gleiten; straucheln; fehlleiten; umstürzen","2375"
"S","ⲣⲙⲛϩⲉ","","1 | sg.","1 | m.","free person ","concrete "," human","qual","the free one","cvccV'y/-t","cvccE'y","","E","1330","n.m.ḥ","qual","84350","to be poor","arm sein; elend sein; verwaist sein","2321"
"B","ⲃⲏⲧⲥⲏ","","1 | sg.","2 | f.","female warrior, rebel","concrete "," human","unclear","the disloyal one (?)","cvccV'yt","cvccE'yvt","","E","610","b.g.s","dyn/res","450143","to injure; to be injured; to be disloyal","schaden; illoyal sein","2321"
"S","ⲙⲉⲥⲧⲏ","","1 | sg.","2 | f.","hated person ","concrete "," human","res/pass","the hated one","cvccV'y/-t","cvccE'yvt","","E","78","m.s.ḏ","emot","76210","to hate; to dislike","hassen; verabscheuen","2375"
"S","ⲥⲉⲣⲙⲏ","","1 | sg.","2 | f.","wanderer, vagrant","concrete "," human","act_mov","the one sliding away","cvccV'y/-t","cvccE'yvt","","E","345","z.b.n","mov","131760","to slide away; to steer (a ship) off course; to make fall","gleiten; straucheln; fehlleiten; umstürzen","2375"
"S","ⲣⲙⲛϩⲏ","","1 | sg.","2 | f.","free person ","concrete "," human","qual","the free one","cvccV'y/-t","cvccE'yvt","","E","1330","n.m.ḥ","qual","84350","to be poor","arm sein; elend sein; verwaist sein","2321"
"S","ⲱⲥⲕ","","0 | –","0 | –","[intr:] delay, continue, become prolonged","action "," no direct object","dyn","","cV'cvc","ca'c(v)c","","a","1824","j.s.q","dyn","31730","to linger; to wait; to hold back","zögern; verweilen; zurückhalten","1920"
"B","ⲱϧⲧ","","0 | –","0 | –","[intr:] drip, trickle","action "," no direct object","dyn","","cV'cvc","ca'c(v)c","","a","1838","ꜥ.t.ḫ","dyn","41820","to sieve; to press","durchseihen; auspressen","2445"
"S","ⲟⲩⲱⲱⲧⲉ","","0 | –","0 | –","[intr:] [tr:] send, to separate, to differentiate","action "," no direct object","dyn","","cV'cvc","ca'c(v)c","","a","1751","w.ḏ.ꜥ","dyn","52360","to separate; to judge; to appoint","(ab)trennen; richten; zuweisen","2532"
"S","ⲡⲱϭⲥ","","0 | –","0 | –","[intr:] sweat, drip","action "," no direct object","dyn","","cV'cvc","ca'c(v)c","","a","1094","p.s.g","dyn","62340","to spit on; to spit at","speien; anspucken","2375"
"S","ⲡⲱⲧⲥ","","0 | –","0 | –","[tr:] divide, split, crack ","action "," no direct object","dyn","","cV'cvc","ca'c(v)c","","a","1296","p.d.s","dyn","63120","to destroy; to flatten","breitdrücken; zerstören","1580"
"S","ⲛⲟⲩϩⲃ","","0 | –","0 | –","[intr:] copulate, engender | [tr:] fertilize","action "," no direct object","dyn","","cV'cvc","ca'c(v)c","","a","1223","n.h.p","dyn","85460","to beget; to copulate","bespringen; begatten","2414"
"B","ⲛⲟⲩⲕⲉⲣ","","0 | –","0 | –","[tr:] prick, incise, (of unripe sycamore-figs) | (as noun), incision (of this fruit)","action "," no direct object","dyn","","cV'cvc","ca'c(v)c","","a","643","n.q.ꜥ","dyn","88990","to rip; to scratch","ritzen","1279"
"S","ϩⲱⲃⲕ","","0 | –","0 | –","[intr:] prick, incite, to stab","action "," no direct object","dyn","","cV'cvc","ca'c(v)c","","a","394","h.b.q","dyn","98220","to beat up; to triturate","zerstoßen; zerstampfen (im Mörser)","1818"
"S","ϩⲱϣϥ","","0 | –","0 | –","[tr:] break","action "," no direct object","dyn","","cV'cvc","ca'c(v)c","","a","464","ḫ.š.b","dyn","121160","to mutilate","verstümmeln","0"
"S","ⲥⲱⲃⲉ","","0 | –","0 | –","[intr:] laugh, play | [tr:] deride, mock","action "," no direct object","dyn","","cV'cvc","ca'c(v)c","","a","282","z.b.ṯ","dyn","132270","to laugh","lachen","2321"
"S","ϣⲱⲛⲧ","","0 | –","0 | –","[intr:] quarrel","action "," no direct object","dyn","","cV'cvc","ca'c(v)c","","a","1935","š.n.ṯ","dyn","156400","to revile; to oppose; to punish","streiten; kämpfen; schmähen","2375"
"Sf","ϣⲁⲛⲧ","","0 | –","0 | –","[intr:] quarrel","action "," no direct object","dyn","","cV'cvc","ca'c(v)c","","a","1935","š.n.ṯ","dyn","156400","to revile; to oppose; to punish","streiten; kämpfen; schmähen","2375"
"S","ϭⲱⲣⲙ","","0 | –","0 | –","[tr:] seize (or sim)","action "," no direct object","dyn","","cV'cvc","ca'c(v)c","","a","2608","g.r.m","dyn","167860","to carry off","fortschleppen","1548"
"S","ⲥⲱϩ","","0 | –","0 | –","[intr:] write | [tr:] register | draw, paint","action "," no direct object","dyn","","cV'cvc","ca'c(v)c","","a","40","z.ẖ.ꜣ","dyn","600375","to write; to paint; to work as a scribe","schreiben; malen","2613"
"S","ⲙⲟⲩϩ","","0 | –","0 | –","[intr:] [qual:] burn, glow","action "," no direct object","dyn/res","","cV'cvc","ca'c(v)c","","a","1153","m.ꜣ.ẖ","dyn","67280","to burn up","verbrennen; brennen (vom Herzen, bildl. ""Angst haben"")","1939"
"S","ⲧⲱⲙⲛⲧ","","0 | –","0 | –","[intr:] meet, befall","action "," no direct object","dyn/rel","","cV'cvc","ca'c(v)c","","a","263","d.m.ḏ","dyn/res","179420","to (re)assemble; to be (re)assemled","zusammenfügen; (sich) vereinigen; vereinigt sein; zusammentreffen","2414"
"S","ⲛⲟⲩϣⲧ","","0 | –","0 | –","[intr:] be heavy, hard  | [tr:] make hard, oppress, do violence | (as nn), strength, violence","action "," no direct object","dyn/res","","cV'cvc","ca'c(v)c","","a","88","n.ḫ.t","dyn/res","87560","to be strong; to strengthen","stark sein; stärken; schützen","2375"
"P","ϩⲱⲧⲙ","","0 | –","0 | –","[intr:] to perish","action "," no direct object","dyn/res","","cV'cvc","ca'c(v)c","","a","300039","ḥ.t.m","dyn/res","111600","to destroy; to be destroyed","vernichten; vergehen","2375"
"S","ϩⲱⲣⲕ","","0 | –","0 | –","[intr:] sit down, be quiet [?] | sit in ambush","action "," no direct object","dyn/res","","cV'cvc","ca'c(v)c","","a","233","g.r.ḥ","dyn/res","167880","to complete; to be satisfied with","(etwas) fertig machen; aufhören; zufrieden sein (jur.)","1939"
"S","ϭⲱⲛⲧ","","0 | –","0 | –","[intr:] be wroth","action "," no direct object","emotion","","cV'cvc","ca'c(v)c","","a","2581","q.n.d","emotion","161520","to rage; to be come angry","wütend sein, wütend werden","1980"
"S","ⲕⲱϩ","","0 | –","0 | –","[intr:] be envious, zealous, emulate","action "," no direct object","emotion","","cV'cvc","ca'c(v)c","","a","264","k.h.ꜣ","emotion","165180","to rage furiously","stark wehen (Sturm); rasen","1539"
"S","ⲡⲱⲧ","","0 | –","0 | –","[intr:] run, flee, go  | depart","action "," no direct object","mov","","cV'cvc","ca'c(v)c","","a","347","p.ꜣ.d","mov","59440","to kneel; to run","knien; laufen","1213"
"S","ϣⲱⲡⲉ","","0 | –","0 | –","[intr:] become, befall  | (impersonal), befall","action "," no direct object","other","","cV'cvc","ca'c(v)c","","a","13","ḫ.p.r","other","116230","to come into being; to become; to occur; to happen","werden; entstehen; geschehen; existieren","2532"
"S","ⲱϩⲉ","","0 | –","0 | –","[intr:] stand, stay, wait","action "," no direct object","postural","","cV'cvc","ca'c(v)c","","a","148","ꜥ.ḥ.ꜥ","postural","40110","to stand; to stand up","stehen; aufstehen","3150"
"S","ⲥⲱϣⲙ","","0 | –","0 | –","[intr:] be faint, undone, disheartened","action "," no direct object","qual","","cV'cvc","ca'c(v)c","","a","1524","š.s.m","qual","157480","to be red; to be inflamed","entzündet sein (der Augen)","1580"
"O","ϭⲱⲛⲙ","","0 | –","0 | –","[intr:] be blinded","action "," no direct object","qual","","cV'cvc","ca'c(v)c","","a","2575","g.ꜣ.m.n","qual","163570","to be blind; to blind","blind sein; blenden","1292"
"S","ⲧⲱⲣϣ","","0 | –","0 | –","[intr:] be red","action "," no direct object","qual","","cV'cvc","ca'c(v)c","","a","1100","d.š.r","qual","180690","to be red; to become red","rot werden; rot sein","2886"
"S","ⲛⲟⲩⲧⲙ","","0 | –","0 | –","[intr:] be sweet, pleasant ","action "," no direct object","qual","","cV'cvc","ca'c(v)c","","a","1205","n.ḏ.m","qual","500020","to be sweet; to be pleasant","süß sein; angenehm sein; froh sein","2686"
"S","ϩⲟϥⲧ","","0 | –","0 | –","[tr:] [intr:] steal","action "," no direct object","dyn","","cV'ccvy","ca'ccay","","a","2339","ḥ.t.f","dyn","103270","to rob; to plunder","berauben; rauben","1939"
"B","ⲧⲟϫⲓ","","0 | –","0 | –","[intr:] kindle (fire), stoke, heat (oven &c)  | [tr:] stoke, heat | (vb) bake","action "," no direct object","dyn","","cV'ccvy","ca'ccay","","a","241","t.k.ꜣ","dyn","173610","to illumine; to burn","brennen; verbrennen; erleuchten","1458"
"S","ⲧⲟⲙⲥ","","0 | –","0 | –","[tr:] bury ","action "," no direct object","dyn","","cV'ccvy","ca'ccay","","a","391","ṯ.m.s","dyn","175530","to bury; to cover","(etwas) vergraben","1292"
"S","ⲙⲟⲛⲕ","","0 | –","0 | –","[tr:] make, form","action "," no direct object","dyn","","cV'ccvy","ca'ccay","","a","476","m.n.ḫ","dyn/res","71080","to be splendid; to make splendid; to be effective","vortrefflich sein; trefflich machen","2445"
"S","ⲙⲟⲗϩ","","0 | –","0 | –","[intr:] be hooked into, twisted into, attached to | [tr:] involve, enmesh","action "," no direct object","dyn","","cV'ccvy","ca'ccay","","a","476","m.n.ḫ","dyn/res","71080","to be splendid; to make splendid; to be effective","vortrefflich sein; trefflich machen","2445"
"B","ⲃⲟⲕⲓ","","0 | –","0 | –","[intr:] conceive | conceive by | [tr:] conceive (a child)","action "," no direct object","dyn/res","","cV'ccvy","ca'ccay","","a","2713","b.k.ꜣ","dyn/res","57820","to be (become) pregnant; to make pregnant","schwanger sein; schwängern; durch Schwangerschaft entstehen","1425"
"B","ⲙⲟⲧⲉⲛ","","0 | –","0 | –","[tr:] rest, set at rest | agree upon (S)","action "," no direct object","dyn/res","","cV'ccvy","ca'ccay","","a","234","m.d.n","dyn/res","78220","to relax; to be relaxed","ruhig sein","1202"
"Sf","ϩⲁⲣⲕ","","0 | –","0 | –","[intr:] sit down, be quiet [?] | sit in ambush","action "," no direct object","dyn/res","","cV'ccvy","ca'ccay","","a","233","g.r.ḥ","dyn/res","167880","to complete; to be satisfied with","(etwas) fertig machen; aufhören; zufrieden sein (jur.)","1939"
"S","ⲣⲟⲟⲩϣ","","0 | –","0 | –","[intr:] have care for, be intent on ","action "," no direct object","unclear","","cV'ccvy","ca'ccay","","a","1349","w.r.š","existential_state","48130","to spend the day; to be awake","den Tag zubringen; wachen; verweilen","2414"
"S","ⲙⲟⲟϣⲉ","","0 | –","0 | –","[intr:] walk, go (on land or water) | be about to, proceed to","action "," no direct object","mov","","cV'ccvy","ca'ccay","","a","138","m.š.ꜥ","mov","76330","to march","marschieren","1539"
"B","ⲗⲁⲡⲥⲓ","","0 | –","0 | –","[tr:] bite, seize","action "," no direct object","dyn","","cV'ccv(y)-t","cE'cc(Ey)-t","","E","996","n.s.b","dyn","88100","to devour; to lick","verschlingen; ablecken","2375"
"B","ϣⲁϣⲛⲓ","","0 | –","0 | –","[intr:] reach, obtain ","action "," no direct object","dyn","","cV'ccv(y)-t","cE'cc(Ey)-t","","E","908","z.ḫ.n","dyn","142440","to embrace; to seek out; to meet; to occupy (a place)","umfassen; suchen; antreffen","2375"
"S","ⲥⲁⲧⲃⲉ","","0 | –","0 | –","[tr:] [intr:] chew, ruminate","action "," no direct object","dyn","","cV'ccv(y)-t","cE'cc(Ey)-t","","E","1498","s.d.b","dyn","149770","to eat; to chew","essen","1580"
"S","ⲡⲁⲣⲕⲉ","","0 | –","0 | –","[intr:] be agreed, reach satisfaction, decide | [tr:] (S,B,F), deliver, decide, settle (an affair) ","action "," no direct object","dyn/res","","cV'ccv(y)-t","cE'cc(Ey)-t","","E","1263","p.n.g","dyn","60150","to divide; to share (?)","teilen","1292"
"S","ϫⲁⲁⲧⲉ","","0 | –","0 | –","[intr:] advance in age, become, be ripe ","action "," no direct object","dyn","","cV'ccv(y)-t","cE'cc(Ey)-t","","E","2463","ḏ.d.ꜣ","dyn/res","186090","to be ripe; to ripen; to swell; to grow fat","reif sein; reifen machen; fett sein","2345"
"S","ⲛⲉϩⲥⲉ","","0 | –","0 | –","[intr:] awake, arise  | [tr:] (S,A,B,O), waken, raise up","action "," no direct object","dyn/res/post","","cV'ccv(y)-t","cE'cc(Ey)-t","","E","909","n.h.z","dyn/res/post","85790","to awaken; to be awake","wach sein; erwachen; aufwecken","2375"
"B","ϣⲁⲙ","","0 | –","0 | –","[intr:] be light, fine, subtle","action "," no direct object","qual","","cV'ccv(y)-t","cE'cc(Ey)-t","","E","1922","š.m.ꜥ","qual","154710","to be slender","schmal sein","1190"
"B","ϩⲉⲙⲥⲓ","","0 | –","0 | –","[intr:] sit, remain, dwell ","action "," no direct object","postural","","cV'ccvy","cE'ccvy","","E","900","ḥ.m.s","postural","105780","to sit; to sit down; to occupy","sitzen; sich setzen; besetzen; wohnen","2686"
"S","ϭⲛⲁⲧ","","0 | –","0 | –","[intr:] be wroth","state "," emotion","emotion","the state of being angry","cvcV'c","cvc:E:'c","","a","2581","q.n.d","emotion","161520","to rage; to be come angry","wütend sein, wütend werden","1980"
"S","ⲥϩⲁⲓ","","0 | –","0 | –","[intr:] write | [tr:] register | draw, paint","action "," no direct object","dyn","","cvcV'c","cvca:'/E:'c","","a/E","40","z.ẖ.ꜣ","dyn","600375","to write; to paint; to work as a scribe","schreiben; malen","2613"
"S","ⲥⲕⲁⲓ","","0 | –","0 | –","[intr:] plough ","action "," no direct object","dyn","","cvcV'c","cvca:'/E:'c","","a/E","1388","s.k.ꜣ","dyn/res","146610","to plough; to cultivate","pflügen; Acker bestellen","2494"
"S","ϫⲧⲁⲓ","","0 | –","0 | –","[intr:] ripen","state "," incoative","incoative","","cvcV'c","cvca:'/E:'c","","a/E","2463","ḏ.d.ꜣ","dyn/res","186090","to be ripe; to ripen; to swell; to grow fat","reif sein; reifen machen; fett sein","2345"
"S","ⲁϣⲁⲓ","","0 | –","0 | –","[intr:] become many, multiply","state "," incoative","incoative","","cvcV'c","cvca:'/E:'c","","a/E","278","ꜥ.š.ꜣ","qual","41010","to be numerous; to be rich","viel sein; zahlreich sein; reich sein","2321"
"S","ⲟⲩϫⲁⲓ","","0 | –","0 | –","[intr:] be whole, safe, sound","state "," quality","qual","","cvcV'c","cvca:'/E:'c","","a/E","342","w.ḏ.ꜣ","qual","52090","to be whole; to be intact","unversehrt sein","2686"
"S","ⲁⲣⲟϣ","","0 | –","0 | –","[intr:] become cold ","state "," quality","qual","the state of being cold","cvcV'c","cvca:'c","","a","496","ꜣ.š.r","dyn","287","to roast","grillen; rösten","1580"
"S","ϩⲃⲟⲕ","","0 | –","0 | –","[intr:] to be stabbed (see Vyc. 289)","state "," quality","qual","the state of being stabbed","cvcV'c","cvca:'c","","a","394","h.b.q","dyn","98220","to beat up; to triturate","zerstoßen; zerstampfen (im Mörser)","1818"
"S","ϩⲣⲟⲕ","","0 | –","0 | –","[intr:] be still, cease | [tr:] quiet ; (as nn) quietness","state/action","—","unclear","the state of being quiet","cvcV'c","cvca:'c","","a","233","g.r.ḥ","dyn/res","167880","to complete; to be satisfied with","(etwas) fertig machen; aufhören; zufrieden sein (jur.)","1939"
"S","ⲙⲧⲟⲛ","","0 | –","0 | –","[intr:] be at rest, at ease, be relieved (of sickness) ","state "," quality","qual","the state of being at rest","cvcV'c","cvca:'c","","a","234","m.d.n","dyn/res","78220","to relax; to be relaxed","ruhig sein","1202"
"S","ⲛϣⲟⲧ","","0 | –","0 | –","[intr:] be hard, strong, difficult (& related meanings) ","state "," quality","qual","the state of being strong","cvcV'c","cvca:'c","","a","88","n.ḫ.t","dyn/res","87560","to be strong; to strengthen","stark sein; stärken; schützen","2375"
"S","ϣⲧⲟⲙ","","0 | –","0 | –","[intr:] shut","state/action","—","unclear","the state of being shut","cvcV'c","cvca:'c","","a","1989","ḫ.t.m","dyn/res","121710","to seal; to put a seal on","siegeln; verschließen; umschließen","2613"
"S","ⲟⲩⲛⲟϥ","","0 | –","0 | –","[intr:] [tr: refl:]  [mostly B], rejoice","state "," emotion","emotion","the state of being happy","cvcV'c","cvca:'c","","a","480","w.n.f","emotion","46660","to be glad; to rejoice","froh sein; frohlocken","1694"
"F","ϩⲙⲁⲥ","","0 | –","0 | –","[intr:] sit, remain, dwell ","state "," postural","postural","the state of being sitting","cvcV'c","cvca:'c","","a","900","ḥ.m.s","postural","105780","to sit; to sit down; to occupy","sitzen; sich setzen; besetzen; wohnen","2686"
"S","ⲟⲩⲟⲡ","","0 | –","0 | –","[intr:] be pure, innocent  | (as nn m), purity","state "," quality","qual","the state of being pure","cvcV'c","cvca:'c","","a","381","w.ꜥ.b","qual","44430","to be pure","reinigen; rein sein; frei sein (unbenutzt sein)","2494"
"S","ⲟⲩⲃⲁϣ","","0 | –","0 | –","[intr:] become, be white","state "," quality","qual","the state of being white","cvcV'c","cvca:'c","","a","1713","w.b.ḫ","qual","45270","to be bright, clear","leuchten; erhellen; hell sein","1539"
"S","ⲟⲩⲙⲟⲧ","","0 | –","0 | –","[intr:] become, be thick  | (as nn m), thickness ","state "," quality","qual","the state of being thick","cvcV'c","cvca:'c","","a","1724","w.m.t","qual","45920","to be thick; to become thick","dick sein","2445"
"S","ϩⲗⲟϭ","","0 | –","0 | –","[intr:] be sweet, take delight","state "," quality","qual","the state of being sweet","cvcV'c","cvca:'c","","a","718","ḥ.ꜣ.g","qual","101610","to be glad","froh sein","1939"
"S","ϩⲕⲟ","","0 | –","0 | –","[intr:] be hungry ","state "," quality","qual","the state of being hungry","cvcV'c","cvca:'c","","a","58","ḥ.q.r","qual","110540","to be hungry; to fast (med.)","hungern; fasten","2375"
"S","ϣⲛⲟϣ","","0 | –","0 | –","[intr:] stink, be stinky","state "," quality","qual","the state of stinking","cvcV'c","cvca:'c","","a","1942","ḫ.n.š","qual","118730","to stink, be stinky","stinken","1539"
"S","ϣⲙⲁ","","0 | –","0 | –","[intr:] be light, fine, subtle","state "," quality","qual","the state of being light, fine","cvcV'c","cvca:'c","","a","1922","š.m.ꜥ","qual","154710","to be slender","schmal sein","1190"
"S","ⲧⲣⲟϣ","","0 | –","0 | –","[intr:] be red","state "," quality","qual","the state of being red","cvcV'c","cvca:'c","","a","1100","d.š.r","qual","180690","to be red; to become red","rot werden; rot sein","2886"
"NH","ⲟⲩϩⲱⲙ","","0 | –","0 | –","[intr:] repeat, answer  | [tr:] repeat, do again, add ","action "," no direct object","dyn","the state of being repeating (?)","cvcV'cvy","cvca:'cvy","","a","650","w.ḥ.m","dyn","48440","to repeat","wiederholen (allg.)","2414"
"L","ⲥⲃⲱϩ","","0 | –","0 | –","[tr:] [intr:] bite","action "," no direct object","dyn","the state of being biting (?)","cvcV'cvy","cvca:'cvy","","a","300141","s.b.ḥ","dyn","131900","to cry out","schreien","2321"
"S","ϭⲣⲱϩ","","0 | –","0 | –","[intr:] be in want, needy, disminished","state "," quality","qual","the state of being quiet (?)","cvcV'cvy","cvca:'cvy","","a","233","g.r.ḥ","dyn/res","167880","to complete; to be satisfied with","(etwas) fertig machen; aufhören; zufrieden sein (jur.)","1939"
"B","ⲣϩⲉⲙ","","0 | –","0 | –","[intr:] roar (esp of lions)","action "," no direct object","dyn","","cvcV'c","cvcE:'c","","E","1019","n.h.m","dyn","85630","to roar","brüllen (u. Ä.)","2375"
"S","ϩⲣⲁⲕ","","0 | –","0 | –","[intr:] be still, cease | [tr:] quiet ; (as nn) quietness","state/action","—","unclear","","cvcV'c","cvcE:'c","","E","233","g.r.ḥ","dyn/res","167880","to complete; to be satisfied with","(etwas) fertig machen; aufhören; zufrieden sein (jur.)","1939"
"S","ϣⲧⲁⲙ","","0 | –","0 | –","[intr:] shut","state/action","—","unclear","","cvcV'c","cvcE:'c","","E","1989","ḫ.t.m","dyn/res","121710","to seal; to put a seal on","siegeln; verschließen; umschließen","2613"
"Sa","ⲟⲩϣⲉ","","0 | –","0 | –","[tr:] [intr:] desire, love","state "," emotion","emotion","","cvcV'c","cvcE:'c","","E","74","w.ḫ.ꜣ","emotion","49120","to seek; to take; to want","suchen; holen; begehren","2345"
"S","ⲥⲛⲁⲧ","","0 | –","0 | –","[intr:] fear","state "," emotion","emotion","","cvcV'c","cvcE:'c","","E","1447","s.n.ḏ","emotion","138730","to fear; to be afraid","fürchten","2494"
"A","ϩⲙⲉⲥ","","0 | –","0 | –","[intr:] sit, remain, dwell ","state "," postural","postural","","cvcV'c","cvcE:'c","","E","900","ḥ.m.s","postural","105780","to sit; to sit down; to occupy","sitzen; sich setzen; besetzen; wohnen","2686"
"S","ⲗϩⲏⲙ","","0 | –","0 | –","[intr:] roar (esp of lions)","action "," no direct object","dyn","","cvcV'cvy","cvcE:'cvy","","E","1019","n.h.m","dyn","85630","to roar","brüllen (u. Ä.)","2375"
"F","ϣⲛⲏⲗⲓ","","0 | –","0 | –","[tr:] [intr:] smite","action "," no direct object","dyn","","cvcV'cvy","cvcE:'cvy","","E","1961","ḫ.ꜥ.r","dyn","114890","to rage","wütend werden; wütend sein; wüten","1939"
"B","ⲁⲙⲁⲗⲏϫ","","0 | –","0 | –","[intr:] embrace","action "," no direct object","dyn","","cvcV'cvy","cvcE:'cvy","","E","796","k.n.m","dyn","164780","to wrap in","einhüllen (in ein Gewand)","2321"
"P","ⲙⲉⳋⲏⲗ","","0 | –","0 | –","[tr:]  heal","action "," no direct object","dyn","","cvcV'cvy","cvcE:'cvy","","E","476","m.n.ḫ","dyn/res","71080","to be splendid; to make splendid; to be effective","vortrefflich sein; trefflich machen","2445"
"S","ϩⲣⲏϭ","","0 | –","0 | –","[intr:] be still, cease | [tr:] quiet","state/action","—","unclear","","cvcV'cvy","cvcE:'cvy","","E","233","g.r.ḥ","dyn/res","167880","to complete; to be satisfied with","(etwas) fertig machen; aufhören; zufrieden sein (jur.)","1939"
"B","ⲱⲥϧ","","0 | –","0 | –","[tr:] [intr:] reap, mow | (as nn), reaping ","action "," with direct object","dyn","","cV'cvc","ca'c(v)c","","a","162","ꜣ.z.ḫ","dyn","264","to reap; to harvest","sicheln; ernten","2494"
"S","ⲟⲩⲱⲧϩ","","0 | –","0 | –","[tr:] [intr:] tie, sew, weave","action "," with direct object","dyn","","cV'cvc","ca'c(v)c","","a","1828","j.t.ḥ","dyn","33410","to tow, to bind","ziehen","2375"
"S","ⲱⲗⲉⲙ","","0 | –","0 | –","[intr:] clasp, embrace, entwine | [tr:] embroider [?]","action "," with direct object","dyn","","cV'cvc","ca'c(v)c","","a","432","ꜥ.n.b","dyn","38390","to enclose, to close (the mouth)","(den Mund) verschließen; umschließen","1292"
"S","ⲱⲣⲕ","","0 | –","0 | –","[intr:] swear  | [tr:] swear (oath), invoke (person &c) ","action "," with direct object","dyn","","cV'cvc","ca'c(v)c","","a","899","ꜥ.r.q","dyn","39650","to tie on; to don (a garment); to swear","umbinden; schwören; beschwören","1939"
"S","ⲟⲩⲱⲗⲡ","","0 | –","0 | –","[tr:] [intr:] pierce, perforate, hollow","action "," with direct object","dyn","","cV'cvc","ca'c(v)c","","a","3144","w.n.p","dyn","46600","to stab, to pierce","erstechen; fesseln","1939"
"S","ⲟⲩⲱⲙ","","0 | –","0 | –","[intr:] [tr:] eat, bite |swallow, submit to (S) |repent","action "," with direct object","dyn","","cV'cvc","ca'c(v)c","","a","76","w.n.m","dyn","46710","to eat","essen","2686"
"S","ⲟⲩⲱϩⲙ","","0 | –","0 | –","[intr:] repeat, answer  | [tr:] repeat, do again, add ","action "," with direct object","dyn","","cV'cvc","ca'c(v)c","","a","650","w.ḥ.m","dyn","48440","to repeat","wiederholen (allg.)","2414"
"S","ⲟⲩⲱⲱϣⲉ","","0 | –","0 | –","[tr:] [intr:] consume (by burning)","action "," with direct object","dyn","","cV'cvc","ca'c(v)c","","a","1758","w.š.ꜥ","dyn","50270","to chew; to utter","kauen; verzehren","2321"
"S","ⲟⲩⲱϣⲃ","","0 | –","0 | –","[tr:] [intr:] answer","action "," with direct object","dyn","","cV'cvc","ca'c(v)c","","a","375","w.š.b","dyn","50340","to answer; to answer for","antworten; (sich) einsetzen für; rächen","1939"
"S","ⲟⲩⲱϣⲙ","","0 | –","0 | –","[tr:] knead, bruise","action "," with direct object","dyn","","cV'cvc","ca'c(v)c","","a","1760","w.š.m","dyn","50540","to stir (med.)","anrühren; vermengen","1580"
"S","ⲟⲩⲱϣⲧ","","0 | –","0 | –","[tr:] [intr:] worship, greet, kiss","action "," with direct object","dyn","","cV'cvc","ca'c(v)c","","a","144","w.š.d","dyn","50700","to address (someone); to question; to greet","anreden; befragen; begrüßen","2008"
"S","ⲟⲩⲱϭⲡ","","0 | –","0 | –","[tr:] [intr:] break, be broken","action "," with direct object","dyn","","cV'cvc","ca'c(v)c","","a","1173","w.g.p","dyn","50860","to crush; to destroy","zerstoßen; zerstören; zerbrechen","1845"
"S","ⲟⲩⲱⲧⲉⲛ","","0 | –","0 | –","[intr:] make a hole | pierce","action "," with direct object","dyn","","cV'cvc","ca'c(v)c","","a","1752","w.t.n","dyn","51170","to break through","durchbohren; durchbrechen","1213"
"S","ⲟⲩⲱⲧⲛ","","0 | –","0 | –","[tr:] pour | (as nn m), libation ","action "," with direct object","dyn","","cV'cvc","ca'c(v)c","","a","991752","w.d.n","dyn","51690","to offer","opfern","2613"
"S","ⲟⲩⲱⲧϩ","","0 | –","0 | –","[tr:] [intr:] pour (liquid), cast (in mould), draw (water &c)","action "," with direct object","dyn","","cV'cvc","ca'c(v)c","","a","485","w.d.ḥ","dyn","51870","to pour out","schütten; gießen","2445"
"S","ⲟⲩⲱⲱϫⲉ","","0 | –","0 | –","[tr:] cut | cut off, out","action "," with direct object","dyn","","cV'cvc","ca'c(v)c","","a","1770","w.ḏ.ꜥ","dyn","52360","to separate; to judge; to appoint","(ab)trennen; richten; zuweisen","2532"
"S","ⲟⲩⲱⲧⲃ","","0 | –","0 | –","[intr:] change | [tr:] pass through, remove |transfer,  pour |[intr:]  traverse, pierce (S) ","action "," with direct object","dyn","","cV'cvc","ca'c(v)c","","a","382","w.ḏ.b","dyn","52620","to turn back; to fold over; to revert","umwenden; zuwenden","2375"
"S","ⲃⲱⲧⲉ","","0 | –","0 | –","[tr:] [intr:] pollute, befoul | hate, abominate ","action "," with direct object","dyn","","cV'cvc","ca'c(v)c","","a","82","b.t.ꜣ","dyn","58140","to make (oneself) guilty","(sich) schuldig machen","1292"
"S","ⲡⲱⲣⲥ","","0 | –","0 | –","[tr:] slaughter ","action "," with direct object","dyn","","cV'cvc","ca'c(v)c","","a","1285","p.n.z","dyn","60070","to pull out; to cut off","abschneiden; ausziehen","2345"
"S","ⲡⲱⲛⲕ","","0 | –","0 | –","[intr:]  draw, bail, empty out (water &c) | (S) transfer, carry over | (B) hollow, cut out [tr:] (S,B) draw, bail (water &c) |(S,B,F) transfer, carry","action "," with direct object","dyn","","cV'cvc","ca'c(v)c","","a","1269","p.n.q","dyn","60130","to empty","schöpfen; ausschöpfen; gießen","2445"
"A","ⲡⲱⲥϩ","","0 | –","0 | –","[intr:] bite [tr:]  stumble, go wrong  | (as nn), bite ","action "," with direct object","dyn","","cV'cvc","ca'c(v)c","","a","1304","p.z.ḥ","dyn","62220","to bite; to sting","beißen; stechen","2375"
"S","ⲡⲱϣⲛ","","0 | –","0 | –","[intr:] do service, serve (as priest) |  [tr:] serve | ordain (to office)","action "," with direct object","dyn","","cV'cvc","ca'c(v)c","","a","209","p.š.n","dyn","62610","to split, to turn away","(sich) spalten","2414"
"S","ⲡⲱϭⲉ","","0 | –","0 | –","[intr:] break, burst ","action "," with direct object","dyn","","cV'cvc","ca'c(v)c","","a","1309","p.g.ꜣ","dyn","62730","to unfold; to open up","ausbreiten; öffnen","1980"
"S","ⲡⲱⲱⲣⲉ","","0 | –","0 | –","[tr:] dream","action "," with direct object","dyn","","cV'cvc","ca'c(v)c","","a","1276","p.t.r","dyn","62900","to see; to behold","sehen; erblicken","2375"
"S","ⲡⲱⲧϩ","","0 | –","0 | –","[tr:] carve, engrave, depict (by carving or painting) ","action "," with direct object","dyn","","cV'cvc","ca'c(v)c","","a","1297","p.t.ḥ","dyn","63000","to form; to create","bilden; schaffen","0"
"B","ⲛⲟⲩⲃⲧ","","0 | –","0 | –","[tr:] [intr:]  weave","action "," with direct object","dyn","","cV'cvc","ca'c(v)c","","a","1177","n.b.d","dyn","82850","to wind around; to coil","flechten; sich frisieren","1539"
"S","ⲛⲟⲩⲧϥ","","0 | –","0 | –","[tr:] loosen, dissolve, seetle, make terms for | loosen mouth, face (in smiles) | [intr:] be relaxed, released  | (as nn), relaxation","action "," with direct object","dyn","","cV'cvc","ca'c(v)c","","a","1208","n.t.f","dyn","83950","to slacken; to loosen","lösen; lockern","1939"
"S","ⲛⲟⲩϩⲃ","","0 | –","0 | –","[tr:] make ready (wagon by) yoking (beasts)  | yoke (beasts) | [intr:] be yoked, harnessed","action "," with direct object","dyn","","cV'cvc","ca'c(v)c","","a","457","n.ḥ.b","dyn","86140","to harness; to yoke; to appoint with","(Pferde) anschirren","1818"
"Sa","ⲛⲟⲩⲣⲥ","","0 | –","0 | –","[intr:] destory, burn","action "," with direct object","dyn","","cV'cvc","ca'c(v)c","","a","300065","n.s.r","dyn","88270","to burn up; to shrivel","brennen; verbrennen","1580"
"S","ⲗⲱⲕⲥ","","0 | –","0 | –","[tr:] bite, pierce, stab ","action "," with direct object","dyn","","cV'cvc","ca'c(v)c","","a","954","n.s.q","dyn","88370","to sting, to bite","stechen; beißen","1939"
"S","ⲛⲟⲩϣⲡ","","0 | –","0 | –","[tr:] [intr:] blow (of wind) | (hence) agitate, frighten, overawe (S,A,B,O) | be frightened","action "," with direct object","dyn","","cV'cvc","ca'c(v)c","","a","982","n.š.p","dyn","88620","to inhale; to pant (?)","atmen; atmen lassen","1939"
"S","ⲛⲟⲩϫⲉ","","0 | –","0 | –","[tr:] throw, cast  | [qual:] thrown down, lying, reclining | [intr:] (S) [n. ebol] cast forth","action "," with direct object","dyn","","cV'cvc","ca'c(v)c","","a","85","n.ḏ.r","dyn","91630","to smooth (wood); to carpenter","(Holz) bearbeiten; zimmern","2445"
"S","ⲣⲱϩⲧ","","0 | –","0 | –","[intr:] strike, be struck, (so) fall  | [tr:] strike, cast","action "," with direct object","dyn","","cV'cvc","ca'c(v)c","","a","725","r.ḫ.t","dyn","95890","to wash (clothes) (by beating them?)","(Kleider) waschen","1539"
"S","ⲣⲱⲕϩ","","0 | –","0 | –","[tr:] [intr:] burn","action "," with direct object","dyn","","cV'cvc","ca'c(v)c","","a","136","r.k.ḥ","dyn","96440","to light (a fire); to burn up","(Feuer) anfachen; erhitzen; brennen","2375"
"S","ϩⲱϭⲃ","","0 | –","0 | –","[intr:] wither, fade, expire  | [tr:] wither, destroy ","action "," with direct object","dyn","","cV'cvc","ca'c(v)c","","a","394","h.b.q","dyn","98220","to beat up; to triturate","zerstoßen; zerstampfen (im Mörser)","1818"
"S","ϩⲱϥⲧ","","0 | –","0 | –","[tr:] [intr:] steal","action "," with direct object","dyn","","cV'cvc","ca'c(v)c","","a","2339","ḥ.t.f","dyn","103270","to rob; to plunder","berauben; rauben","1939"
"S","ϩⲱⲧⲡ","","0 | –","0 | –","[tr:] [intr:] join (the meanings 'attune, be reconciled, sink [sun, stars]' derive from the merging with ḥtp : 'to be at peace')","action "," with direct object","dyn","","cV'cvc","ca'c(v)c","","a","814","ḥ.t.p","dyn","104230","to embrace; to enclose","umarmen; umfassen","1939"
"S","ϩⲱϥⲧ","","0 | –","0 | –","[tr:] send forth, eject","action "," with direct object","dyn","","cV'cvc","ca'c(v)c","","a","2340","ḥ.f.d","dyn","104560","to climb; to fly","aufsteigen; emporklimmen","2375"
"S","ϩⲱⲛⲕ","","0 | –","0 | –","[tr:] consecrate, appoint ","action "," with direct object","dyn","","cV'cvc","ca'c(v)c","","a","2220","ḥ.n.k","dyn","107110","to present (a gift); to offer","schenken; beschenken","2686"
"B","ⲕⲱⲗⲡ","","0 | –","0 | –","[tr:] steal, rob  | (as nn), theft, thing stolen | (as adv), thievishly","action "," with direct object","dyn","","cV'cvc","ca'c(v)c","","a","799","ḫ.n.p","dyn","117850","to steal; to catch; to present","rauben; auffangen; darbringen; auslösen","2321"
"S","ϣⲱⲗⲙ","","0 | –","0 | –","[tr:] [intr:] smell","action "," with direct object","dyn","","cV'cvc","ca'c(v)c","","a","1896","ḫ.n.m","dyn","118050","to gladden; to be glad","erfreuen; froh sein; genießen","1980"
"S","ϣⲱⲛⲧ","","0 | –","0 | –","[tr:] plait","action "," with direct object","dyn","","cV'cvc","ca'c(v)c","","a","1934","ḫ.n.d","dyn","119450","to plait; to (en)twine","flechten; weben; knüpfen","1279"
"S","ϩⲱⲱⲕⲉ","","0 | –","0 | –","[tr:] [intr:] scrape, scratch | itch [?] | shave, shear | (as nn), shaved condition, baldness ","action "," with direct object","dyn","","cV'cvc","ca'c(v)c","","a","2137","ẖ.ꜥ.q","dyn","122800","to shave","rasieren","2321"
"S","ϩⲱⲧⲃ","","0 | –","0 | –","[tr:] [intr:] kill","action "," with direct object","dyn","","cV'cvc","ca'c(v)c","","a","2305","ẖ.d.b","dyn","124950","to kill","töten","1939"
"S","ⲥⲱⲛⲕ","","0 | –","0 | –","[tr:] [intr:] suck","action "," with direct object","dyn","","cV'cvc","ca'c(v)c","","a","1439","s.n.q","dyn","138280","to suckle","säugen; saugen","2375"
"S","ⲥⲱϩⲙ","","0 | –","0 | –","[intr:] sink, fall down | [tr:] cause to fall, overwhelmm, press down","action "," with direct object","dyn","","cV'cvc","ca'c(v)c","","a","1537","s.ḥ.m","dyn","140710","to pound; to crush","zerstoßen; quetschen","2842"
"S","ⲥⲱϩⲣ","","0 | –","0 | –","[tr:] [intr:]  sweep","action "," with direct object","dyn","","cV'cvc","ca'c(v)c","","a","402810","s.ḥ.r","dyn","140980","to drive away; to exorcise (evil); to make distant","(sich) fernhalten; entfernen; vertreiben","2414"
"S","ⲥⲱϩⲧ","","0 | –","0 | –","[intr:] weave","action "," with direct object","dyn","","cV'cvc","ca'c(v)c","","a","335","s.ḫ.t","dyn","143060","to weave; to form (bricks, in a mould)","flechten; weben; (Ziegel) formen","2686"
"S","ⲥⲱⲧⲡ","","0 | –","0 | –","[tr:] [intr:] choose","action "," with direct object","dyn","","cV'cvc","ca'c(v)c","","a","89","s.t.p","dyn","148050","to cut up","(Fleischstücke) auslösen; (Schlachttier) zerlegen; töten; vernichten","2613"
"S","ⲥⲟⲟⲧ","","0 | –","0 | –","[tr:] [intr:] [refl:] return, repeat","action "," with direct object","dyn","","cV'cvc","ca'c(v)c","","a","1490","s.ṯ.ꜣ","dyn","148720","to drag; to pull; to usher in","ziehen; herbeiführen","2532"
"S","ⲥⲱⲧⲙ","","0 | –","0 | –","[tr:] [intr:] hear","action "," with direct object","dyn","","cV'cvc","ca'c(v)c","","a","149","s.ḏ.m","dyn","150560","to hear; to listen","hören","2686"
"S","ϣⲱⲛϥ","","0 | –","0 | –","[tr:] [intr:] join, come together","action "," with direct object","dyn","","cV'cvc","ca'c(v)c","","a","1944","š.b.n","dyn","153490","to mix; to mingle","mischen; sich mischen (unter)","1939"
"S","ϣⲱⲱⲛⲉ","","0 | –","0 | –","[tr:] exclude, deprive (?)","action "," with direct object","dyn","","cV'cvc","ca'c(v)c","","a","1929","š.n.ꜥ","dyn","155680","to turn back; to detain; to hold back; to prevent","abhalten; zurückhalten","1980"
"S","ϣⲱⲧⲃ","","0 | –","0 | –","[tr:] muzzle ","action "," with direct object","dyn","","cV'cvc","ca'c(v)c","","a","1986","š.t.b","dyn","158290","to shut in; to enclose","einschließen; verschließen","1292"
"S","ⲕⲱⲱⲥ","","0 | –","0 | –","[tr:] dress, prepare corpse for burial, bury","action "," with direct object","dyn","","cV'cvc","ca'c(v)c","","a","864","q.r.s","dyn","161940","to bury","bestatten","2686"
"S","ϭⲱⲡ","","0 | –","0 | –","[tr:] [intr:] seize, take","action "," with direct object","dyn","","cV'cvc","ca'c(v)c","","a","902","k.ꜣ.p","dyn","163370","to catch birds (?)","Vögel fangen (?)","no attestations in TLA"
"S","ⲕⲱⲱⲃⲉ","","0 | –","0 | –","[tr:] compel, seize by force ","action "," with direct object","dyn","","cV'cvc","ca'c(v)c","","a","766","k.f.ꜥ","dyn","164220","to plunder; to capture","erbeuten","1689"
"B","ⲙⲟⲩⲗϫ","","0 | –","0 | –","[intr:] enwrap, embrace  | (as nn m), embrace","action "," with direct object","dyn","","cV'cvc","ca'c(v)c","","a","796","k.n.m","dyn","164780","to wrap in","einhüllen (in ein Gewand)","2321"
"S","ⲧⲱⲃⲥ","","0 | –","0 | –","[intr:] be pricked, incited | [tr:] goad, incite ","action "," with direct object","dyn","","cV'cvc","ca'c(v)c","","a","1577","t.b.s","dyn","170760","to prick; to pierce","stechen","1980"
"S","ⲧⲱϩⲃ","","0 | –","0 | –","[tr:] moisten, soak","action "," with direct object","dyn","","cV'cvc","ca'c(v)c","","a","1681","t.ḫ.b","dyn","173210","to dip; to moisten; to irrigate","eintauchen; anfeuchten; bewässern","1845"
"S","ⲧⲱⲕ","","0 | –","0 | –","[intr:] kindle (fire), stoke, heat (oven &c)  | [tr:] stoke, heat | (vb) bake","action "," with direct object","dyn","","cV'cvc","ca'c(v)c","","a","241","t.k.ꜣ","dyn","173610","to illumine; to burn","brennen; verbrennen; erleuchten","1458"
"S","ⲧⲱⲙⲥ","","0 | –","0 | –","[tr:] bury ","action "," with direct object","dyn","","cV'cvc","ca'c(v)c","","a","391","ṯ.m.s","dyn","175530","to bury; to cover","(etwas) vergraben","1292"
"S","ϫⲱⲣⲙ","","0 | –","0 | –","[tr:] [intr:] make sign, beckon | (as nn m) urge, drive, ride, hasten","action "," with direct object","dyn","","cV'cvc","ca'c(v)c","","a","2451","ṯ.r.m","dyn","176380","to wink; to blink","zwinkern; blinzeln; zucken (der Augen als medizinisches Symptom)","1580"
"S","ⲧⲱϩⲥ","","0 | –","0 | –","[tr:] anoint  ","action "," with direct object","dyn","","cV'cvc","ca'c(v)c","","a","246","ṯ.ḥ.s","dyn","176760","to stretch (e.g., leather)","(Leder) recken; ausspannen","2445"
"S","ⲧⲱⲃϩ","","0 | –","0 | –","[intr:] pray, entreat  | [tr:] entreat, console","action "," with direct object","dyn","","cV'cvc","ca'c(v)c","","a","12","d.b.ḥ","dyn","178750","to be in need of; to ask for; to requisition","bedürfen; erbitten","2686"
"S","ϫⲱϥ","","0 | –","0 | –","[intr:] burn, scorch","action "," with direct object","dyn","","cV'cvc","ca'c(v)c","","a","2483","ḏ.ꜣ.f","dyn","182120","to burn up","verbrennen","1580"
"S","ϫⲱⲧⲉ","","0 | –","0 | –","[intr:] pierce, penetrate  | [tr:] pierce [of weapon], traverse ","action "," with direct object","dyn","","cV'cvc","ca'c(v)c","","a","2464","ḏ.ꜣ.d","dyn","182290","to stab to death, cut up (a slaughtered offering)","(Schlachtopfer) abstechen","2375"
"S","ⲧⲱⲱⲃⲉ","","0 | –","0 | –","[tr:] [intr:] repay, requite","action "," with direct object","dyn","","cV'cvc","ca'c(v)c","","a","1570","ḏ.b.ꜣ","dyn","183170","to replace; to reimburse; to repay","ersetzen; bezahlen; vergelten; (e. Sitz) einnehmen; bestrafen","2321"
"S","ⲧⲱⲱⲃⲉ","","0 | –","0 | –","[tr:] [intr:] seal","action "," with direct object","dyn","","cV'cvc","ca'c(v)c","","a","299","ḏ.b.ꜥ","dyn","183460","to seal","siegeln; verschließen","1425"
"S","ϣⲱⲱⲧⲉ","","0 | –","0 | –","[tr:] [intr:] cut, slay | [intr:] be cut short, want, lack ","action "," with direct object","dyn","","cV'cvc","ca'c(v)c","","a","122","š.ꜥ.d","dyn","450452","to cut off","abschneiden","2445"
"S","ϥⲱϭⲉ","","0 | –","0 | –","[tr:] [intr:]  [tr: refl:]  leap, move hastily |pluck, seize, rob","action "," with direct object","dyn/mov","","cV'cvc","ca'c(v)c","","a","2065","f.q.ꜣ","dyn","63700","to cut off (the foreleg)","auslösen (des Schenkels)","2345"
"S","ⲕⲱⲡ","","0 | –","0 | –","[intr:] hide, be hidden  | [tr:] hide","action "," with direct object","dyn/rel","","cV'cvc","ca'c(v)c","","a","301","k.ꜣ.p","dyn","163340","to cover; to roof over","bedecken; überdachen","1580"
"S","ϭⲱⲱⲙⲉ","","0 | –","0 | –","[intr:] be twisted, crooked | [tr:] twist, pervert  | (as nn), perversion ","action "," with direct object","dyn/rel","","cV'cvc","ca'c(v)c","","a","493","g.m.ꜥ","dyn","167370","to smash; to break; to tear","zerbrechen; zerknicken","2278"
"S","ⲱⲣϣ","","0 | –","0 | –","[intr:] be cold  | be scorched, inflamed [?] | [tr:] sear","action "," with direct object","dyn/res","","cV'cvc","ca'c(v)c","","a","496","ꜣ.š.r","dyn","287","to roast","grillen; rösten","1580"
"S","ⲱⲧⲡ","","0 | –","0 | –","[intr:] be laden | [tr:] load","action "," with direct object","dyn/res","","cV'cvc","ca'c(v)c","","a","1827","ꜣ.ṯ.p","dyn","340","to load (a ship)","(ein Schiff) beladen","2278"
"S","ⲱⲗⲕ","","0 | –","0 | –","[intr:] [tr: refl:] become, be bent","action "," with direct object","dyn/res","","cV'cvc","ca'c(v)c","","a","1810","ꜥ.r.q","dyn","39650","to tie on; to don (a garment); to swear","umbinden; schwören; beschwören","2345"
"S","ⲟⲩⲱϣⲙ","","0 | –","0 | –","[intr:] be quenched, dried up  | [tr:] quench ","action "," with direct object","dyn/res","","cV'cvc","ca'c(v)c","","a","1832","ꜥ.ḫ.m","dyn","40630","to quench; to extinguish","löschen; versiegen","2375"
"S","ⲡⲱⲗϭ","","0 | –","0 | –","[intr:] be agreed, reach satisfaction, decide | [tr:] (S,B,F), deliver, decide, settle (an affair) ","action "," with direct object","dyn/res","","cV'cvc","ca'c(v)c","","a","1263","p.n.g","dyn","60150","to divide; to share (?)","teilen","1292"
"S","ⲡⲱϣ","","0 | –","0 | –","[intr:] be divided, be separate  | [tr:] divide ","action "," with direct object","dyn/res","","cV'cvc","ca'c(v)c","","a","269","p.s.š","dyn","62280","to divide; to share","teilen","2414"
"S","ⲛⲟⲩϩⲙ","","0 | –","0 | –","[intr:] be saved, safe  | [tr:] save, preserve","action "," with direct object","dyn/res","","cV'cvc","ca'c(v)c","","a","400","n.ḥ.m","dyn","86430","to take away; to rescue","fortnehmen; retten","2445"
"S","ⲣⲱϩⲉ","","0 | –","0 | –","[intr:] become, be clean  | [tr:] cleanse, wash  | (as nn), cleansing","action "," with direct object","dyn/res","","cV'cvc","ca'c(v)c","","a","725","r.ḫ.t","dyn","95890","to wash (clothes) (by beating them?)","(Kleider) waschen","1539"
"S","ϩⲱⲣⲡ","","0 | –","0 | –","[intr:] be wet, drenched | [tr:] wet, drench ","action "," with direct object","dyn/res","","cV'cvc","ca'c(v)c","","a","2257","h.r.p","dyn","99170","to sink; to be immersed","untersinken; einsinken; unterdrücken","1939"
"S","ϩⲱⲃⲥ","","0 | –","0 | –","[intr:] [tr:] cover, be covered","action "," with direct object","dyn/res","","cV'cvc","ca'c(v)c","","a","79","ḥ.b.s","dyn","103740","to clothe; to cover","bekleiden; verhüllen","2345"
"S","ϩⲱⲧⲣ","","0 | –","0 | –","[tr:] to join [intr:] be joined, doubled","action "," with direct object","dyn/res","","cV'cvc","ca'c(v)c","","a","249","ḥ.t.r","dyn","111860","to bind together","binden; zusammenbinden","2321"
"S","ⲥⲱⲱϥ","","0 | –","0 | –","[intr:] be defiled, polluted  | [tr:] defile, pollute","action "," with direct object","dyn/res","","cV'cvc","ca'c(v)c","","a","487","s.j.f","dyn","128260","to insult","(eine Göttin) beleidigen","1190"
"S","ⲥⲱⲛⲧ","","0 | –","0 | –","[intr:] be created  | [tr:] found, create ","action "," with direct object","dyn/res","","cV'cvc","ca'c(v)c","","a","284","s.n.ṯ","dyn","138620","to found","gründen; schaffen","2345"
"S","ⲥⲱϩⲡ","","0 | –","0 | –","[intr:] sink in, be swallowed | [tr:] suck in, drink ","action "," with direct object","dyn/res","","cV'cvc","ca'c(v)c","","a","1540","s.ẖ.b","dyn","143480","to swallow (something liquid); to quaff","verschlingen; einschlürfen; (Heilmittel) einnehmen","1759"
"S","ϣⲱⲱϭⲉ","","0 | –","0 | –","[tr:] [intr:] smite, wound, be wounded","action "," with direct object","dyn/res","","cV'cvc","ca'c(v)c","","a","320","s.q.r","dyn","146190","to strike; to step out; to present","schlagen; auftreten; darreichen","2589"
"S","ϣⲱϫⲡ","","0 | –","0 | –","[intr:] be over & above, remain over  | [tr:] leave over, behind ","action "," with direct object","dyn/res","","cV'cvc","ca'c(v)c","","a","309","s.ḏ.b","dyn","150440","to make live; to restore (to life)","leben","2375"
"S","ⲕⲱⲃ","","0 | –","0 | –","[intr:] be doubled  | [tr:] make double","action "," with direct object","dyn/res","","cV'cvc","ca'c(v)c","","a","479","q.ꜣ.b","dyn","159240","to fold over; to wind","zusammenfalten; winden","1580"
"S","ⲧⲱϣ","","0 | –","0 | –","[intr:] be boundary, be fixed, be moderate   | [tr:] limit, determine, appoint  ","action "," with direct object","dyn/res","","cV'cvc","ca'c(v)c","","a","236","t.ꜣ.š","dyn","169660","to fix the limits of; to divide","abgrenzen; teilen","2321"
"S","ϫⲱⲥ","","0 | –","0 | –","[tr:] [intr:] become, be hard, solid | pack, load, harden, join, compose (see Vyc. 332)","action "," with direct object","dyn/res","","cV'cvc","ca'c(v)c","","a","2455","ṯ.ꜣ.z","dyn","176800","to tie; to join to","knoten; verknüpfen; anfügen; erzeugen","2375"
"S","ⲧⲱⲱϭⲉ","","0 | –","0 | –","[intr:] be fixed, joined (S,F)  | [tr:] join, attain (S)  | plant","action "," with direct object","dyn/res","","cV'cvc","ca'c(v)c","","a","337","d.q.r","dyn","180970","to cover; to overlay (med.)","anheften","1818"
"S","ϫⲱⲣⲡ","","0 | –","0 | –","[intr:] stumble, trip ","action "," with direct object","dyn/mov","","cV'cvc","ca'c(v)c","","a","711","ṯ.r.p","dyn/mov","176360","to stumble","torkeln (von Betrunkenen)","1202"
"S","ϭⲱⲣϭ","","0 | –","0 | –","[tr:] [intr:] waylay, hunt","action "," with direct object","dyn","","cV'cvc","ca'c(v)c","","a","703","g.r.g","dyn/mov/postural","167980","to hunt; to lay (a trap)","jagen; (Fallen) einstellen","2445"
"S","ϭⲱⲣϭ","","0 | –","0 | –","[tr:] prepare, provide ","action "," with direct object","dyn","","cV'cvc","ca'c(v)c","","a","705","g.r.g","dyn/mov/postural","168000","to establish; to equip; to organize","gründen; einrichten","2345"
"S","ⲙⲟⲩⲛⲕ","","0 | –","0 | –","[tr:] make, form","action "," with direct object","dyn","","cV'cvc","ca'c(v)c","","a","476","m.n.ḫ","dyn/res","71080","to be splendid; to make splendid; to be effective","vortrefflich sein; trefflich machen","2445"
"S","ⲙⲟⲩⲗϩ","","0 | –","0 | –","[intr:] be hooked into, twisted into, attached to | [tr:] involve, enmesh","action "," with direct object","dyn","","cV'cvc","ca'c(v)c","","a","476","m.n.ḫ","dyn/res","71080","to be splendid; to make splendid; to be effective","vortrefflich sein; trefflich machen","2445"
"S","ϩⲱⲱⲕ","","0 | –","0 | –","[tr:] gird, brace (with harness, armour) ","action "," with direct object","dyn","","cV'cvc","ca'c(v)c","","a","477","ẖ.k.r","dyn/res","124730","to adorn; to be adorned","geschmückt sein","2321"
"S","ⲥⲱⲛϩ","","0 | –","0 | –","[intr:] be bound, fettered  | [tr:] bind ","action "," with direct object","dyn","","cV'cvc","ca'c(v)c","","a","931","s.n.ḥ","dyn/res","137850","to tie up; to fetter","binden, fesseln","2321"
"S","ⲥⲱⲕ","","0 | –","0 | –","[tr:] [intr:] to draw, to be drawn, to plough (often confused with ⲥⲱⲕ flow (as water, hair), blow (as wind, smoke), move on swiftly, glide)","action "," with direct object","dyn","","cV'cvc","ca'c(v)c","","a","1388","s.k.ꜣ","dyn/res","146610","to plough; to cultivate","pflügen; Acker bestellen","2494"
"S","ⲧⲱⲕⲥ","","0 | –","0 | –","[intr:] pierce, bite, be pierced, be studded (with nails &c)  | be fixed, settled (S) | [tr:] pierce, goad","action "," with direct object","dyn","","cV'cvc","ca'c(v)c","","a","720","t.k.s","dyn/res","173710","to reach, to pierce; to be fixed; settled, to be stygmatized","(einen Ort) erreichen; durchbohren; foltern; fixieren; (Steuern) festsetzen","1920"
"S","ⲃⲱⲧⲥ","","0 | –","0 | –","[tr:] draw up, set out, assess [?] | [intr:] be drawn up (for battle), fight","action "," with direct object","dyn","","cV'cvc","ca'c(v)c","","a","610","b.g.s","dyn/res","450143","to injure; to be injured; to be disloyal","schaden; illoyal sein","2321"
"S","ⲱⲃϣ","","0 | –","0 | –","[tr:] [intr:] forget, be forgotten | sleep","action "," with direct object","dyn/res","","cV'cvc","ca'c(v)c","","a","1807","ꜣ.b.ḫ","dyn/res","90","to mix; to join; to be merged with; to link; to be linked","verbunden sein; verschränkt sein (der Arme)","2345"
"S","ⲟⲩⲱϩ","","0 | –","0 | –","[intr:] [tr:] put, set, be | [intr:] be placed, dwell ","action "," with direct object","dyn/res","","cV'cvc","ca'c(v)c","","a","34","w.ꜣ.ḥ","dyn/res","43010","to lay down; to offer; to endure","legen; dauern; opfern; zurücklassen","2613"
"S","ⲟⲩⲱⲥϥ","","0 | –","0 | –","[intr:] be idle, brought to naught  | [tr:] leave idle, barren, annul","action "," with direct object","dyn/res","","cV'cvc","ca'c(v)c","","a","915","w.z.f","dyn/res","49520","to be idle; to neglect (something)","träge sein; (etwas) vernachlässigen","2321"
"S","ⲡⲱⲣϣ","","0 | –","0 | –","[intr:] be spread  | [tr:] spread ","action "," with direct object","dyn/res","","cV'cvc","ca'c(v)c","","a","531","p.r.ḫ","dyn/res","61240","to blossom; to unfurl (Sem. loan word)","aufblühen; hinbreiten; ausbreiten","1939"
"S","ⲡⲱⲥϣ","","0 | –","0 | –","[intr:] be amazed, beside oneself  | [tr:] (S,A), amaze, turn aside","action "," with direct object","dyn/res","","cV'cvc","ca'c(v)c","","a","927","p.z.ḫ","dyn/res","62240","to be in disarray; to be distraught; to confuse","verwirrt sein; verwirren","1939"
"S","ⲙⲟⲩⲧⲛ","","0 | –","0 | –","[tr:] rest, set at rest |  agree upon (S)","action "," with direct object","dyn/res","","cV'cvc","ca'c(v)c","","a","234","m.d.n","dyn/res","78220","to relax; to be relaxed","ruhig sein","1202"
"S","ϣⲱⲧⲙ","","0 | –","0 | –","[tr:] [intr:] shut, be shut","action "," with direct object","dyn/res","","cV'cvc","ca'c(v)c","","a","1989","ḫ.t.m","dyn/res","121710","to seal; to put a seal on","siegeln; verschließen; umschließen","2613"
"S","ⲟⲩⲱϣ","","0 | –","0 | –","[tr:] [intr:] desire, love","action "," with direct object","emot","","cV'cvc","ca'c(v)c","","a","74","w.ḫ.ꜣ","emot","49120","to seek; to take; to want","suchen; holen; begehren","2345"
"S","ⲱⲛϩ","","0 | –","0 | –","[tr:] [intr:] live, to be alive","action "," with direct object","existential_state","","cV'cvc","ca'c(v)c","","a","38","ꜥ.n.ḫ","existential_state","38530","to live; to be alive","leben","3018"
"B","ⲫⲱϧⲉⲣ","","0 | –","0 | –","[tr:] [intr:] charm, bewitch","action "," with direct object","dyn","","cV'cvc","ca'c(v)c","","a","386","p.ẖ.r","mov","61900","to turn round; to go around > to enchant","umhergehen; umwenden; zirkulieren; umgeben; durchziehen","2886"
"S","ⲧⲱⲗⲙ","","0 | –","0 | –","[intr:] be defiled, besmirched  | [tr:] defile, pollute","action "," with direct object","dyn/res","","cV'cvc","ca'c(v)c","","a","221","t.n.m","mov","172530","to turn aside; to go astray; to be confused","abwenden; irregehen","2321"
"S","ⲡⲱϩⲧ","","0 | –","0 | –","[tr:] [intr:] bend | [tr: refl:] bend self, fall |pour, flow","action "," with direct object","mov","","cV'cvc","ca'c(v)c","","a","142","p.ḫ.d","mov","59230","to become turned upside down; to turn over","umgedreht sein; herabhängen","2345"
"S","ⲡⲱⲱⲛⲉ","","0 | –","0 | –","[intr:] change, turn | [tr:] (S,F), turn ","action "," with direct object","mov","","cV'cvc","ca'c(v)c","","a","192","p.n.ꜥ","mov","59960","to turn upside down; to be turned upside down","(sich) umdrehen; kentern; umwenden; (sich) krümmen","2686"
"S","ϩⲱⲛⲧ","","0 | –","0 | –","[intr:] approach","action "," with direct object","mov","","cV'cvc","ca'c(v)c","","a","910","ḫ.n.d","mov","119430","to tread","treten; gehen","2375"
"S","ⲥⲱⲣⲙ","","0 | –","0 | –","[intr:] go astray, err, be lost  | [tr:] lead astray, lose","action "," with direct object","mov","","cV'cvc","ca'c(v)c","","a","345","z.b.n","mov","131760","to slide away; to steer (a ship) off course; to make fall","gleiten; straucheln; fehlleiten; umstürzen","2375"
"S","ϩⲱⲡ","","0 | –","0 | –","[tr:] [intr:] be hidden, hide","action "," with direct object","dyn/res","","cV'cvc","ca'c(v)c","","a","37","ḥ.ꜣ.p","qd","101300","to hide; to keep secret","verbergen; geheim halten","2065"
"A","ⲟⲩⲱⲥⳉ","","0 | –","0 | –","[intr:] become, be broad, at ease  | [tr:] make broad ","action "," with direct object","dyn/res","","cV'cvc","ca'c(v)c","","a","1761","w.s.ḫ","qual","49800","to be wide; to be broad","weit sein; breit sein; ausdehnen","2321"
"S","ⲟⲩⲱⲧ","","0 | –","0 | –","[intr:] be raw, fresh, green  | be, make soft [same ?]","action "," with direct object","qual","","cV'cvc","ca'c(v)c","","a","697","w.ꜣ.ḏ","qual","43580","to be green","grün sein; gedeihen; gedeihen lassen","2886"
"S","ⲛⲟⲩϥⲣ","","0 | –","0 | –","[intr:] be good, profitable ","action "," with direct object","qual","","cV'cvc","ca'c(v)c","","a","728","n.f.r","qual","83470","to be good; to be beautiful; to be perfect","gut sein; schön sein; vollkommen sein; vollendet sein","2686"
"S","ϣⲱⲣⲡ","","0 | –","0 | –","[intr:] [tr: refl:] be early","action "," with direct object","qual","","cV'cvc","ca'c(v)c","","a","14","ḫ.r.p","qual","120150","to be in front; to govern; to control; to administer","leiten; beaufsichtigen","2494"
"S","ϭⲟⲉⲓⲗⲉ","","0 | –","0 | –","[intr:] [tr:] deposit, assign, entrust; dwell ","action "," with direct object","dyn/res","","cV'ccvy","ca'ccay","","a","2523","q.ꜣ.r","dyn/res","850645","to stay; to deposit","sich aufhalten; deponieren","1920"
"S","ⲙⲟⲥⲧⲉ","","0 | –","0 | –","[tr:] hate","action "," with direct object","emot","","cV'ccvy","ca'ccay","","a","78","m.s.ḏ","emot","76210","to hate; to dislike","hassen; verabscheuen","2375"
"S","ϣⲁⲁⲣⲉ","","0 | –","0 | –","[tr:] [intr:] smite","action "," with direct object","dyn","","cV'ccvy","ca'ccay","","a","1961","ḫ.ꜥ.r","qual/dyn","114890","to rage","wütend werden; wütend sein; wüten","1939"
"S","ϣⲙϣⲉ","","0 | –","0 | –","[tr:] [intr:] serve, worship","action "," with direct object","dyn","","cV'ccvy-t","cE'ccEy-t","","E","468","š.m.s","dyn","155000","to follow; to accompany; to bring","folgen; geleiten; herbeibringen","2503"
"S","ϩⲡⲟⲧ","","1 | sg.","0 | –","fathom ","abstract "," measure","act","the enclosing one","cvcV'c","cvc:a:'c","","a","814","ḥ.t.p","dyn","104230","to embrace; to enclose","umarmen; umfassen","1939"
"S","ⲉⲗⲁⲙ","","1 | sg.","0 | –","measure or quantity, applied to papyrus & loaves (?)","abstract "," measure","res/pass","the enclosed one","cvcV'c","cvc:E:'c","","E","432","ꜥ.n.b","dyn","38390","to enclose, to close (the mouth)","(den Mund) verschließen; umschließen","1292"
"S","ⲡⲗⲟϭ","","1 | sg.","1 | m.","portion, part","abstract "," measure","qual","the divided one","cvcV'c","cvca:'c","","a","1263","p.n.g","dyn","60150","to divide; to share (?)","teilen","1292"
"S","ⲡⲁϩⲣⲉ","","1 | sg.","1 | m.","drug, medicament; paint, colour ","concrete "," object","mov","the turning/-ed one ?","cV'ccvy","ca'/E'ccvy","","a/E","386","p.ẖ.r","mov","61900","to turn round; to go around > to enchant","umhergehen; umwenden; zirkulieren; umgeben; durchziehen","2886"
"S","ϩⲱⲃⲥ","","1 | sg.","1 | m.","covering, lid","concrete "," object","act","the covering one","cV'cvc","ca'c:ac","","a","79","ḥ.b.s","dyn","103740","to clothe; to cover","bekleiden; verhüllen","2345"
"S","ⲟⲩⲟⲙⲧⲉ","","1 | sg.","2 | f.","tower (heavily built) ","concrete "," object","qual","the thick one","cV'ccv(y)t","ca'c(a)cvt","","a","1724","w.m.t","qual","45920","to be thick; to become thick","dick sein","2445"
"B","ⲫⲟⲣϣⲓ","","1 | sg.","2 | f.","table","concrete "," object","res/pass","the spread one","cV'ccv(y)t","ca'c(E)cvt","","a","531","p.r.ḫ","dyn","61240","to blossom; to unfurl; to spread out (Sem. loan word)","aufblühen; hinbreiten; ausbreiten","1939"
"S","ⲡⲟϭⲉ","","1 | sg.","2 | f.","broken piece, fragment","concrete "," object","res/pass","the open(ed) (broken?) one","cV'ccv(y)t","ca'c(E)cvt","","a","1309","p.g.ꜣ","dyn","62730","to unfold; to open up","ausbreiten; öffnen","1980"
"S","ϣⲟⲛⲧⲉ","","1 | sg.","2 | f.","plaited work ","concrete "," object","res/pass","the plaited one","cV'ccv(y)t","ca'c(E)cvt","","a","1934","ḫ.n.d","dyn","119450","to plait; to (en)twine","flechten; weben; knüpfen","1279"
"S","ⲣⲟⲕϩⲉ","","1 | sg.","1 | m.","fuel, firewood","concrete "," object","unclear","the to-be-burnt/burning one","cV'ccvy","ca'ccay","","a","136","r.k.ḥ","dyn","96440","to light (a fire); to burn up","(Feuer) anfachen; erhitzen; brennen","2375"
"S","ϩⲁⲕⲉ","","1 | sg.","2 | f.","scraper, razor, shearer","concrete "," object","act","the shaving one","cV'ccv(y)t","ca'ccayt","","a","2137","ẖ.ꜥ.q","dyn","122800","to shave","rasieren","2321"
"S","ϩⲟⲃⲥ","","1 | sg.","1 | m.","covering, lid","concrete "," object","act","the covering one","cV'ccvy","ca'ccvy","","a","79","ḥ.b.s","dyn","103740","to clothe; to cover","bekleiden; verhüllen","2345"
"S","ⲛⲁϩⲃ","","1 | sg.","1 | m.","yoke ","concrete "," object","act","the harnessing one","cV'ccvy","ca'ccvy","","a/E","457","n.ḥ.b","dyn","86140","to harness; to yoke; to appoint with","(Pferde) anschirren","1818"
"B","ⲣⲟⲕϩ","","1 | sg.","1 | m.","fuel, firewood","concrete "," object","unclear","the to-be-burnt/burning one","cV'ccvy","ca'ccvy","","a","136","r.k.ḥ","dyn","96440","to light (a fire); to burn up","(Feuer) anfachen; erhitzen; brennen","2375"
"S","ϩⲟⲧⲡ","","1 | sg.","0 | –","thing joined/joining [?], chain, rim ","concrete "," object","unclear","the joining/-ed one","cV'ccvy","ca'ccvy","","a","814","ḥ.t.p","dyn","104230","to embrace; to enclose","umarmen; umfassen","1939"
"S","ϩⲁⲁⲕ","","1 | sg.","1 | m.","cobbling tailor","concrete "," object","act","the shaving one","cV'ccvy","ca'ccvy","","a","2137","ẖ.ꜥ.q","dyn","122800","to shave","rasieren","2321"
"S","ⲟⲩⲟⲧϩ","","1 | sg.","1 | m.","pouring thing, cup ","concrete "," object","act","the pouring one","cV'ccvy/-t","ca'ccvy","","a","485","w.d.ḥ","dyn","51870","to pour out","schütten; gießen","2445"
"B","ⲕⲟⲧⲥ","","1 | sg.","1 | m.","thing firmly fixed, thing studded, incrusted, seat","concrete "," object","qual","the fixed one","cV'ccvy","ca'ccvy","","a","720","t.k.s","dyn/res","173710","to reach, to pierce; to be fixed; settled, to be stygmatized","(einen Ort) erreichen; durchbohren; foltern; fixieren; (Steuern) festsetzen","1920"
"S","ⲟⲩⲟⲟⲧⲉ","","1 | sg.","1 | m.","greens, herbs ","concrete "," object","qual","the green one","cV'ccvy","ca'ccvy","","a","697","w.ꜣ.ḏ","qual","43580","to be green","grün sein; gedeihen; gedeihen lassen","2886"
"S","ⲟⲩⲟⲥⲣ","","1 | sg.","1 | m.","oar ","concrete "," object","qual","the powerful/governing one","cV'ccvy","ca'ccvy","","a","1743","w.s.r","qual","500010","to be strong; to be powerful, in power","mächtig sein; stark sein; stärken","2375"
"S","ⲟⲑⲉ","","1 | sg.","2 | f.","outlet (of water); also: footprint","concrete "," object","act","the pouring one","cV'ccvy/-t","ca'ccvyt","","a","485","w.d.ḥ","dyn","51870","to pour out","schütten; gießen","2445"
"S","ϩⲱⲱⲕⲉ","","0 | –","0 | –","fleece ","concrete "," object","res/pass","the shaved one, the shaved thing","cV'cvc","ca'cEc","","a","2137","ẖ.ꜥ.q","dyn","122800","to shave","rasieren","2321"
"B","ⲣⲱⲕϩ","","1 | sg.","1 | m.","fuel, firewood","concrete "," object","unclear","the to-be-burnt/burning one","cV'cvc/cV'ccvt","ca'cEc","","a","136","r.k.ḥ","dyn","96440","to light (a fire); to burn up","(Feuer) anfachen; erhitzen; brennen","2375"
"A","ⳉⲱⲧⲙⲉ","","1 | sg.","0 | –","closed thing, chain ","concrete "," object","res/pass","the closed one","cV'cvc","ca'cEc","","a","1989","ḫ.t.m","dyn/res","121710","to seal; to put a seal on","siegeln; verschließen; umschließen","2613"
"S","ⲧⲏⲧϥ","","1 | sg.","0 | –","kind of jug","concrete "," object","unclear","the overlowing/ed one","cV'cvc","cE'c:Ec","","E","1662","ṯ.t.f","dyn/res","177490","to overflow; to be flooded","ausschütten; sich ergießen; überflutet sein","1980"
"S","ϩⲏⲃⲥ","","1 | sg.","1 | m.","lamp ","concrete "," object","unclear","the illuminating one (""illuminated""? ""illuminating oneself""?)","cV'cvc","cE'c:Ec","","E","402803","ḫ.b.s","unclear","115800","to illuminate","leuchten","1292"
"S","ϩⲃⲥ","","1 | sg.","1 | m.","covering, lid","concrete "," object","act","the covering one","cV'ccvy","cE'ccvy","","E","79","ḥ.b.s","dyn","103740","to clothe; to cover","bekleiden; verhüllen","2345"
"S","ⲟⲩⲁⲧϩⲉ","","1 | sg.","1 | m.","warp (on loom)","concrete "," object","res/pass","the bound one","cV'ccvy","cE'ccvy","","E","1828","j.t.ḥ","dyn","33410","to tow, to bind","ziehen","2375"
"B","ϭⲁⲗⲡ","","1 | sg.","1 | m.","mass, lump","concrete "," object","res/pass","the divided one","cV'ccvy","cE'ccvy","","E","1263","p.n.g","dyn","60150","to divide; to share (?)","teilen","1292"
"S","ⲗⲉⲡⲥⲉ","","1 | sg.","1 | m.","fragment, small portion","concrete "," object","res/pass","the devoured one","cV'ccvy","cE'ccvy","","E","996","n.s.b","dyn","88100","to devour; to lick","verschlingen; ablecken","2375"
"S","ⲧⲁⲝ","","1 | sg.","1 | m.","molar tooth","concrete "," object","qual","the fixed one","cV'ccvy","cE'ccvy","","E","720","t.k.s","dyn/res","173710","to reach, to pierce; to be fixed; settled, to be stygmatized","(einen Ort) erreichen; durchbohren; foltern; fixieren; (Steuern) festsetzen","1920"
"S","ⲁⲧϩⲉ","","1 | sg.","2 | f.","woven garment (?)","concrete "," object","res/pass","the bound (woven) one","cV'ccv(y)t","cE'ccvyt","","E","1828","j.t.ḥ","dyn","33410","to tow, to bind","ziehen","2375"
"S","ⲁϣⲙⲓ","","1 | sg.","2 | f.","thing burnt & quenched [?], soot  | wick","concrete "," object","res/pass","the burnt/quenched one","cV'ccv(y)t","cE'ccvyt","","E","1832","ꜥ.ḫ.m","dyn","40630","to quench; to extinguish","löschen; versiegen","2375"
"S","ⲡⲁϭⲥⲉ","","1 | sg.","2 | f.","spittle ","concrete "," object","res/pass","the spit one","cV'ccv(y)t","cE'ccvyt","","E","1094","p.s.g","dyn","62340","to spit on; to spit at","speien; anspucken","2375"
"S","ⲡⲁⲧⲥⲉ","","1 | sg.","2 | f.","thing divided, split off, plank ","concrete "," object","res/pass","the destroyed one","cV'ccv(y)t","cE'ccvyt","","E","1296","p.d.s","dyn","63120","to destroy; to flatten","breitdrücken; zerstören","1580"
"S","ⲛⲉⲃⲧⲉ","","1 | sg.","2 | f.","plait, tress","concrete "," object","res/pass","the one winded around","cV'ccv(y)t","cE'ccvyt","","E","1177","n.b.d","dyn","82850","to wind around; to coil","flechten; sich frisieren","1539"
"S","ⲥⲃϣⲉ","","1 | sg.","2 | f.","shield ","concrete "," object","res/pass","the enclosed one (?)","cV'ccv(y)t","cE'ccvyt","","E","1384","s.b.š","dyn","131940","to enclose (with the arms); to enfold (in the arms)","umschließen (mit den Armen)","2345"
"S","ⲥⲛⲧⲉ","","1 | sg.","2 | f.","foundation; base","concrete "," object","res/pass","the founded one","cV'ccv(y)t","cE'ccvyt","","E","284","s.n.ṯ","dyn","138620","to found","gründen; schaffen","2345"
"S","ⲥⲓϩⲡⲉ","","1 | sg.","2 | f.","drop","concrete "," object","res/pass","the swallowed one","cV'ccv(y)t","cE'ccvyt","","E","1540","s.ẖ.b","dyn","143480","to swallow (something liquid); to quaff","verschlingen; einschlürfen; (Heilmittel) einnehmen","1759"
"S","ⲕⲗⲙⲉ","","1 | sg.","2 | f.","pad, poultice (of wool)","concrete "," object","res/pass","the one wrapped in","cV'ccv(y)t","cE'ccvyt","","E","796","k.n.m","dyn","164780","to wrap in","einhüllen (in ein Gewand)","2321"
"S","ⲧⲁϩⲥ","","1 | sg.","2 | f.","ointment","concrete "," object","res/pass","the stretched (smeared?) one","cV'ccv(y)t","cE'ccvyt","","E","246","ṯ.ḥ.s","dyn","176760","to stretch (e.g., leather)","(Leder) recken; ausspannen","2445"
"S","ϫⲁⲧⲙⲉ","","1 | sg.","2 | f.","heap (of grain)","concrete "," object","res/pass","the collected one","cV'ccv(y)t","cE'ccvyt","","E","2466","ḏ.d.m","dyn","186160","to collect; to assemble","sammeln; versammeln","1939"
"S","ϣⲁⲁⲧⲉ","","1 | sg.","2 | f.","part cut off, portion ","concrete "," object","res/pass","the cut-off one","cV'ccv(y)t","cE'ccvyt","","E","122","š.ꜥ.d","dyn","450452","to cut off","abschneiden","2445"
"S","ⲟⲩⲁϩⲙⲉ","","1 | sg.","2 | f.","what is added, storey (of house)","concrete "," object","res/pass","the added one","cV'ccv(y)t","cE'ccvyt","","a/E","650","w.ḥ.m","dyn","48440","to repeat","wiederholen (allg.)","2414"
"B","ⲟⲩⲁⲑⲛⲓ","","1 | sg.","2 | f.","hole","concrete "," object","res/pass","the broken-through one","cV'ccv(y)t","cE'ccvyt","","E","1752","w.t.n","dyn","51170","to break through","durchbohren; durchbrechen","1213"
"S","ⲟⲩⲁⲧⲃⲉ","","1 | sg.","2 | f.","pierced place, hole ","concrete "," object","res/pass","the pierced one","cV'ccv(y)t","cE'ccvyt","","E","402807","w.ḏ.b","dyn","52620","to turn back; to fold over; to revert","umwenden; zuwenden","2375"
"S","ⲟⲩⲉⲣϣⲉ","","1 | sg.","2 | f.","watch, watch tower","concrete "," object","qual","the awake one ?","cV'ccv(y)t","cE'ccvyt","","E","219","w.r.š","existential_state","48130","to spend the day; to be awake","den Tag zubringen; wachen; verweilen","2414"
"S","ⲃⲛⲛⲉ","","1 | sg.","2 | f.","date, date palm-tree (lit.: 'the sweet one')","concrete "," object","qual","the sweet one","cV'ccv(y)t","cE'ccvyt","","E","406","b.n.r","qual","55940","to be sweet","süß sein","2494"
"B","ⲥⲛⲁϩ","","0 | –","0 | –","bond, fetter","concrete "," object","act","the tying up one","cvcV'c","cvc:a:'c","","a","931","s.n.ḥ","dyn","137850","to tie up; to fetter","binden, fesseln","2321"
"S","ϣⲧⲟⲃ","","1 | sg.","0 | –","muzzle, halter ","concrete "," object","act","the enclosing one","cvcV'c","cvc:a:'c","","a","1986","š.t.b","dyn","158290","to shut in; to enclose","einschließen; verschließen","1292"
"S","ⲕⲗⲟⲙ","","1 | sg.","1 | m.","crown, wreath ","concrete "," object","act","the wrapping one","cvcV'c","cvc:a:'c","","a","796","k.n.m","dyn","164780","to wrap in","einhüllen (in ein Gewand)","2321"
"S","ϫⲛⲟϥ","","1 | sg.","1 | m.","basket, crate","concrete "," object","act","the measuring one","cvcV'c","cvc:a:'c","","a","2584","ṯ.n.f","dyn","175920","to measure; to appraise","messen; veranschlagen; zusammenrechnen","1106"
"S","ϭⲣⲟϭ","","1 | sg.","1 | m.","seed ","concrete "," object","act","the establishing one","cvcV'c","cvc:a:'c","","a","705","g.r.g","dyn/mov/postural","168000","to establish; to equip; to organize","gründen; einrichten","2345"
"S","ϣⲧⲟⲙ","","1 | sg.","1 | m.","thing shutting (or) shut, gate ","concrete "," object","unclear","the sealed/sealing one","cvcV'c","cvc:a:'c","","a","1989","ḫ.t.m","dyn/res","121710","to seal; to put a seal on","siegeln; verschließen; umschließen","2613"
"S","ⲁϩⲟ","","1 | sg.","1 | m.","treasure, treasury, store house","concrete "," object","postural","the standing one","cvcV'c","cvc:a:'c","","a","148","ꜥ.ḥ.ꜥ","postural","40110","to stand; to stand up","stehen; aufstehen","3150"
"S","ⲣⲁⲙⲟⲩⲛⲉ","","1 | sg.","1 | m.","part of door, doorpost, support beam ?","concrete "," object","act","the supporing one","cvcV'cvy","cvc:a'cvy","","a","1325","r.m.n","dyn","94400","to carry; to support","tragen; (sich) stützen (auf)","2375"
"S","ⲁⲧⲁϩ","","1 | sg.","1 | m.","type fabric; what is tied on; load","concrete "," object","res/pass","the bound one","cvcV'c","cvc:E:'c","","E","1828","j.t.ḥ","dyn","33410","to tow, to bind","ziehen","2375"
"B","ⲁⲑⲁϩ","","1 | sg.","1 | m.","what is bound (upon (?) man or beast,) burden ","concrete "," object","res/pass","the bound one","cvcV'c","cvc:E:'c","","E","1828","j.t.ḥ","dyn","33410","to tow, to bind","ziehen","2375"
"S","ⲟⲩϣⲁⲡ","","1 | sg.","1 | m.","loan","concrete "," object","res/pass","what is answered/given back","cvcV'c","cvc:E:'c","","E","375","w.š.b","dyn","50340","to answer; to answer for","antworten; (sich) einsetzen für; rächen","1939"
"S","ⲟⲩϣⲁⲙ","","1 | sg.","1 | m.","dough","concrete "," object","res/pass","the stirred one","cvcV'c","cvc:E:'c","","E","1760","w.š.m","dyn","50540","to stir (med.)","anrühren; vermengen","1580"
"S","ⲟⲩⲧⲁϩ","","1 | sg.","1 | m.","fruit ","concrete "," object","res/pass","the borne one","cvcV'c","cvc:E:'c","","E","1753","w.ḏ.ḥ","dyn","52750","to bear fruit (?); to ripen (?)","Frucht tragen (?); reifen (?); bepflanzt sein","1202"
"S","ϭⲗⲁⲡ","","1 | sg.","1 | m.","mass, lump","concrete "," object","res/pass","the divided one","cvcV'c","cvc:E:'c","","E","1263","p.n.g","dyn","60150","to divide; to share (?)","teilen","1292"
"S","ⲑⲁⲃ","","1 | sg.","1 | m.","leaven","concrete "," object","res/pass","the moistened one","cvcV'c","cvc:E:'c","","E","1681","t.ḫ.b","dyn","173210","to dip; to moisten; to irrigate","eintauchen; anfeuchten; bewässern","1845"
"S","ⲙⲡⲁⲓ","","1 | sg.","1 | m.","spindle ","concrete "," object","res/pass","the rolled one","cvcV'c","cvc:E:'c","","E","1082","n.b.ꜣ","dyn/mov","82480","to tie (?); to roll (?)","einrollen (?)","1539"
"S","ϩⲁⲗⲓⲃ","","1 | sg.","0 | –","casting-net","concrete "," object","unclear","the fished/fished one","cvcV'cvy","cvc:E'cvy","","E","2150","ḥ.ꜣ.b","dyn","850109","to fish","fischen","2321"
"S","ϣⲧⲁⲙⲉ","","1 | sg.","2 | f.","lock, closing devise","concrete "," object","res/pass","the thing that is (meant to be?) locked","cvcV'cyvt","cvc:E'cyvt","","E","1989","ḫ.t.m","qual/dyn","121710","to seal; to put a seal on","siegeln; verschließen; umschließen","2613"
"S","ϩⲕⲁ","","1 | sg.","1 | m.","wool (Osing 221), sheep shearing","concrete "," object","res/pass","the shaved-off one","cvcV'c","cvca:'/E:'c","","a/E","2137","ẖ.ꜥ.q","dyn","122800","to shave","rasieren","2321"
"S","ⲙⲡⲱⲧ","","1 | sg.","2 | f.","part of veawing apparatus","concrete "," object","act","the one winding around","cvcV'cvt","cvca:'cvt/cvc:a:'cvt","","a","1177","n.b.d","dyn","82850","to wind around; to coil","flechten; sich frisieren","1539"
"S","ϭⲛⲟⲩϥ","","1 | sg.","1 | m.","heavy object","concrete "," object","qual","the measured/-ing one","cvcV'cvy","cvca:'cvy","","a","2584","ṯ.n.f","dyn","175920","to measure; to appraise","messen; veranschlagen; zusammenrechnen","1106"
"S","ⲉⲗⲕⲱ","","1 | sg.","1 | m.","fruit of sycomore (with cut skin)","concrete "," object","unclear","the scratched one (?)","cvcV'cvy","cvca:'cvy","","a","643","n.q.ꜥ","dyn","88990","to rip; to scratch","ritzen","1279"
"B","ⲙⲁϧⲟⲩⲗ","","1 | sg.","1 | m.","chisel, pick","concrete "," object","qual","the effective one","cvcV'cvy","cvca:'cvy|cac:a'cvy","","a","476","m.n.ḫ","dyn/res","71080","to be splendid; to make splendid; to be effective","vortrefflich sein; trefflich machen","2445"
"B","ⲭⲣⲟⲃⲓ","","1 | sg.","2 | f.","sickle ","concrete "," object","qual","the crooked one","cvcV'cyvt","cvca:'cyvt","","a","1794","ẖ.ꜣ.b","qual","122440","to be crooked","krumm sein","2278"
"S","ϩⲉⲃⲥⲱ","","1 | sg.","2 | f.","garment ","concrete "," object","act","the covering one","cvccV'yt","cvcca'yvt","","a","79","ḥ.b.s","dyn","103740","to clothe; to cover","bekleiden; verhüllen","2345"
"S","ⲉⲧⲡⲱ","","1 | sg.","2 | f.","burden (""the thing acting as a load"" ? - not the thing/person/animal being charged with the laod)","concrete "," object","act (non-agent)","the loading one","cvccV'yt","cvcca'yvt","","a","1827","ꜣ.ṯ.p","dyn","340","to load (a ship)","(ein Schiff) beladen","2278"
"S","ϩⲃⲱ","","1 | sg.","2 | f.","covering, tent ","concrete "," object","unclear","the festive one (?)","cvccV'yt","cvcca'yvt","","a","2125","ḥ.ꜣ.b","qual","103560","to be in festival","festlich sein","2321"
"S","ϭⲣⲏϭⲉ","","0 | –","3 | m./f.","dowry (m once)","concrete "," object","qual","the established one","cvcV'cvt","cvcE:'cvt","","E","705","g.r.g","dyn/mov/postural","168000","to establish; to equip; to organize","gründen; einrichten","2345"
"S","ⲡⲣⲏϣ","","1 | sg.","1 | m.","thing spread (mat, cloak) ","concrete "," object","res/pass","the spread one","cvcV'cvy","cvcE:'cvy","","E","531","p.r.ḫ","dyn","61240","to blossom; to unfurl (Sem. loan word)","aufblühen; hinbreiten; ausbreiten","1939"
"S","ⲥⲧⲏⲙ","","1 | sg.","1 | m.","stibium, antimony, kohl","concrete "," object","res/pass","the one painted on the eyes","cvcV'cvy","cvcE:'cvy","","E","1501","s.d.m","dyn","149830","to paint (the eyes)","schminken","2375"
"S","ⲧⲃⲏⲗ","","1 | sg.","1 | m.","fold or sim (for sheep)","concrete "," object","act","the one going around","cvcV'cvy","cvcE:'cvy","","E","1572","t.b.l","mov","178560","to go round (a place); to travel round; to encircle","(um einen Ort) herumgehen; umrunden; (etwas) umgeben","2375"
"S","ϩⲧⲟ","","1 | sg.","1 | m.","horse, mare - etym. < 'yoke', 'harness'","concrete "," object > animal","act","the one binding togher = yoke > horse","cvcV'c/vt","cvc:a:'c","","a","249","ḥ.t.r","dyn","111860","to bind together","binden; zusammenbinden","2321"
"S","ϩⲧⲱⲣⲉ","","1 | sg.","2 | f.","horse, mare - etym. < 'yoke', 'harness'","concrete "," object > animal","act","the one binding togher = yoke > horse","cvcV'c/vt","cvca:'cvt","","a","249","ḥ.t.r","dyn","111860","to bind together","binden; zusammenbinden","2321"
"S","ϩⲧⲱ","","1 | sg.","1 | m.","horse, mare - etym. < 'yoke', 'harness'","concrete "," object > animal","act","the one binding togher = yoke > horse","cvcV'cy/vt","cvca:'cvy","","a","249","ḥ.t.r","dyn","111860","to bind together","binden; zusammenbinden","2321"
"S","ϩⲧⲟⲟⲣⲉ","","1 | sg.","2 | f.","horse, mare - etym. < 'yoke', 'harness'","concrete "," object > animal","act","the one binding togher = yoke > horse","cvcV'cy/vt","cvca:'cyvt","","a","249","ḥ.t.r","dyn","111860","to bind together","binden; zusammenbinden","2321"
"S","ϩⲧⲟⲡ","","1 | sg.","1 | m.","a vessel (used as a measure)","concrete "," object > animal","act","the embracing/enclosing one","cvcV'c","cvc:a:'c","","a","2310","ḥ.t.p","dyn","104230","to embrace; to enclose","umarmen; umfassen","1939"
"S","ϣϭⲁⲡ","","0 | –","0 | –","cry, sound (as nouns)","concrete "," sound","res/pass","the shouted one","cvcV'c","cvc:E:'c","","E","2052","s.g.p","dyn","147150","to shriek; to shout","schreien","1292"
"S","ϩⲧⲟⲣ","","1 | sg.","1 | m.","necessity, constraint ","concrete/abstract","—","act","the binding one","cvcV'c","cvc:a:'c","","a","249","ḥ.t.r","dyn","111860","to bind together","binden; zusammenbinden","2321"
"S","ϫⲣⲟⲡ","","1 | sg.","1 | m.","obstacle, impediment (both physical and abstract)","concrete/abstract","—","act","the stumbling one (causing to stumble)","cvcV'c","cvc:a:'c","","a","711","ṯ.r.p","dyn/mov","176360","to stumble","torkeln (von Betrunkenen)","1202"
"S","ⲛⲁϣⲧⲉ","","0 | –","3 | m./f.","strength, strengthener, protector  | (as adj)","concrete/abstract","—","act","","cV'ccvy","cE'ccvy","","a/E","88","n.ḫ.t","dyn/res","87560","to be strong; to strengthen","stark sein; stärken; schützen","2375"
"S","ϩⲁⲧⲣⲉ","","1 | sg.","1 | m.","a doubled thing, twin; testicles (B)","concrete "," object/body part","res/pass","the one bound together","cvccV'y","cvccE'y","","E","249","ḥ.t.r","dyn","111860","to bind together","binden; zusammenbinden","2321"
"S","ⲙⲛⲧⲣⲉ","","1 | sg.","1 | m.","witness, testimony ","concrete "," object/human","res/pass","the (meant to be?) present one","cvccV'y/-t","cvccE'y","","E","70","m.t.r","qual/dyn","77640","to be present; to witness; to instruct","zugegen sein; bezeugen; unterweisen","2375"
"S","ⲙⲉⲧⲣⲏ","","1 | sg.","2 | f.","witness, testimony ","concrete "," object/human","res/pass","the (meant to be?) present one","cvccV'y/-t","cvccE'yvt","","E","70","m.t.r","qual/dyn","77640","to be present; to witness; to instruct","zugegen sein; bezeugen; unterweisen","2375"
"S","ⲙⲟⲧⲛ","","1 | sg.","1 | m.","health, ease","state "," physical","qual","the relaxed one (?)","cV'ccvy","ca'ccvy","","a","234","m.d.n","qual","78220","to relax; to be relaxed","ruhig sein","1202"
"S","ⲟⲩⲁⲥϥⲉ","","1 | sg.","2 | f.","idleness ","state "," physical","qual","the state of being idle","cV'ccv(y)t","cE'ccvyt","","E","915","w.z.f","dyn/res","49520","to be idle; to neglect (something)","träge sein; (etwas) vernachlässigen","2321"
"B","ⲥⲣⲟⲙ","","1 | sg.","1 | m.","unconsciousness, (moment of sleep) ","state "," physical","qual","the state of sliding away","cvcV'c","cvca:'c","","a","345","z.b.n","mov","131760","to slide away; to steer (a ship) off course; to make fall","gleiten; straucheln; fehlleiten; umstürzen","2375"
"S","ⲡⲟϭⲉ","","1 | sg.","2 | f.","(probably) battlefield","conrete "," place","res/pass","the open(ed) one","cV'ccv(y)t","ca'c(E)cvt","","a","1311","p.g.ꜣ","dyn","62730","to unfold; to open up","ausbreiten; öffnen","1980"
"S","ⲟⲛϩ","","1 | sg.","1 | m.","yard, court ","conrete "," place","qual","the enclosed one","cV'ccvy","ca'ccvy","","a","520","j.n.ḥ","qual","27710","to be surrounding; to surround; to enclose; to border","umgeben; einschließen; umzingeln","1939"
"S","ⲟⲩⲗⲡⲉ","","1 | sg.","0 | –","hollow(ed) place (?)","conrete "," place","res/pass","the pierced one","cV'ccvy","cE'ccvy","","E","3144","w.n.p","dyn","46600","to stab, to pierce","erstechen; fesseln","1939"
"S","ϣⲛⲁ","","1 | sg.","1 | m.","waste land (?)","conrete "," place","res/pass","the abandoned one","cvcV'c","cvc:E:'c","","E","1929","š.n.ꜥ","dyn","155680","to turn back; to detain; to hold back; to prevent","abhalten; zurückhalten","1980"
"B","ⲟⲩⲁϩⲟ","","1 | sg.","1 | m.","whereabouts, station, hostel","conrete "," place","unclear","the one laying down","cvccV'y","cvcca'y","","a","300157","w.ꜣ.ḥ","dyn/res","43010","to lay down; to offer; to endure","legen; dauern; opfern; zurücklassen","2613"
"B","ⲁϧⲓ","","1 | sg.","1 | m.","marsh herbage, sedge ","conrete "," place","unclear","the one growing green","cV'ccvy","ca'ccvy","","a/E","548","j.ꜣ.ḫ","dyn/res","199","to grow green; to flourish; to be inundated","(die Ernte) zusammenfegen","2558"
"S","ⲟⲩⲟⲉⲓϣ","","1 | sg.","1 | m.","time, occasion ","abstract "," time","qual","the spent one, the time spent","cV'ccvy","ca'ccvy","","a","219","w.r.š","existential_state","48130","to spend the day; to be awake","den Tag zubringen; wachen; verweilen","2414"
"S","ⲁϩⲉ","","1 | sg.","1 | m.","length, limit of life ","abstract "," time","postural","the stating one","cV'ccvy","ca'ccvy","","a/E","148","ꜥ.ḥ.ꜥ","postural","40110","to stand; to stand up","stehen; aufstehen","3150"
"S","ⲣⲟⲙⲡⲉ","","1 | sg.","2 | f.","year ","abstract "," time","qual","the one becoming young","cV'ccv(y)t","ca'ccvyt","","a","1328","r.n.p","qual","95000","to be young; to become young (again)","jung sein; jung werden; verjüngen","2375"
"S","ⲁⲗⲕⲉ","","1 | sg.","1 | m.","last day of month","abstract "," time","res/pass","the completed one","cvccV'y/-t","cvccE'y","","E","427","ꜥ.r.q","dyn","39630","to complete; to stop (doing something)","vollenden; aufhören (etwas zu tun)","2494"
"S","ⲁⲗⲕⲏ","","1 | sg.","1 | m.","last day of month","abstract "," time","res/pass","the completed one","cvccV'y/-t","cvccE'yvt","","E","427","ꜥ.r.q","dyn","39630","to complete; to stop (doing something)","vollenden; aufhören (etwas zu tun)","2494"
"S","ϭⲱⲣϩ","","1 | sg.","1 | m.","night, nightly (as denom adj) ","abstract "," time","qual","the quiet one","cV'cvc","ca'cvc","","a","233","g.r.ḥ","dyn/res","167880","to complete; to be satisfied with","(etwas) fertig machen; aufhören; zufrieden sein (jur.)","1939"
"B","ⲁⲗⲟⲕ","","1 | sg.","1 | m.","corner, angle ","concrete/abstract","—","qual","the bound one","cvcV'c","cvca:'c","","a","1810","ꜥ.r.q","dyn","39650","to tie on; to don (a garment); to swear","umbinden; schwören; beschwören","2345"
